-- phpMyAdmin SQL Dump
-- version 5.2.1
-- https://www.phpmyadmin.net/
--
-- Host: 127.0.0.1
-- Generation Time: Aug 08, 2024 at 02:08 AM
-- Server version: 10.4.32-MariaDB
-- PHP Version: 8.2.12

SET SQL_MODE = "NO_AUTO_VALUE_ON_ZERO";
START TRANSACTION;
SET time_zone = "+00:00";


/*!40101 SET @OLD_CHARACTER_SET_CLIENT=@@CHARACTER_SET_CLIENT */;
/*!40101 SET @OLD_CHARACTER_SET_RESULTS=@@CHARACTER_SET_RESULTS */;
/*!40101 SET @OLD_COLLATION_CONNECTION=@@COLLATION_CONNECTION */;
/*!40101 SET NAMES utf8mb4 */;

--
-- Database: `safehaven_db`
--

-- --------------------------------------------------------

--
-- Table structure for table `accommodations`
--

CREATE TABLE `accommodations` (
  `id` bigint(20) UNSIGNED NOT NULL,
  `accommodation_type_id` bigint(20) UNSIGNED NOT NULL,
  `name` varchar(255) NOT NULL,
  `password` text NOT NULL DEFAULT '$2y$10$7aWNI3XN0MQ3u6GoSYxAM.B7nLCwLRCj9c.jf294mJA5lpNIx4/sG',
  `token` text NOT NULL,
  `photo` text DEFAULT NULL,
  `address` text NOT NULL,
  `contact_number` text DEFAULT NULL,
  `contact_email` text DEFAULT NULL,
  `map` text DEFAULT NULL,
  `status` text NOT NULL DEFAULT 'pending',
  `remark` text DEFAULT NULL,
  `created_at` timestamp NULL DEFAULT NULL,
  `updated_at` timestamp NULL DEFAULT NULL
) ENGINE=InnoDB DEFAULT CHARSET=utf8mb4 COLLATE=utf8mb4_unicode_ci;

--
-- Dumping data for table `accommodations`
--

INSERT INTO `accommodations` (`id`, `accommodation_type_id`, `name`, `password`, `token`, `photo`, `address`, `contact_number`, `contact_email`, `map`, `status`, `remark`, `created_at`, `updated_at`) VALUES
(1, 1, 'Bayangan Hotel', '$2y$10$Vo3.Pd.GC3g2J6.XdZ02HuOQYhHPlTiGSi2QBpsEk5kaKEPnGDJqy', '', '1712231749.jpg', 'Osukan, Zamboanga Del Norte, Philippines', '0977 829 8391', 'ilovebayangan2019@gmail.com', '<iframe src=\"https://www.google.com/maps/embed?pb=!1m14!1m8!1m3!1d11336.716057512067!2d122.5053524!3d8.0645048!3m2!1i1024!2i768!4f13.1!3m3!1m2!1s0x3253c98221b67083%3A0xb2ef693fa07a146e!2sBAYANGAN%20HOTEL%20AND%20BEACH%20RESORT!5e1!3m2!1sen!2sph!4v1712231798704!5m2!1sen!2sph\" width=\"600\" height=\"450\" style=\"border:0;\" allowfullscreen=\"\" loading=\"lazy\" referrerpolicy=\"no-referrer-when-downgrade\"></iframe>', 'approved', 'active', '2024-04-03 01:14:59', '2024-07-31 22:14:57'),
(3, 3, 'Abetom Apartment', '$2y$10$7aWNI3XN0MQ3u6GoSYxAM.B7nLCwLRCj9c.jf294mJA5lpNIx4/sG', '', '1712185727.jpg', 'Antonino, Labason, Zamboanga del Norte', NULL, NULL, NULL, 'pending', 'active', '2024-04-03 15:08:47', '2024-04-03 15:08:47'),
(5, 2, 'Southern Boarding House', '$2y$10$7aWNI3XN0MQ3u6GoSYxAM.B7nLCwLRCj9c.jf294mJA5lpNIx4/sG', '', '1714712750.jpg', 'Imelda, Labason, Zamboanga del Norte', '0998-567-234', 'southern@gmail.com', '<iframe src=\"https://www.google.com/maps/embed?pb=!1m18!1m12!1m3!1d74519.36897383537!2d122.48169969358163!3d8.048019902573138!2m3!1f0!2f0!3f0!3m2!1i1024!2i768!4f13.1!3m3!1m2!1s0x3253c87634cc23d7%3A0x164434f9686265a9!2sLabason%2C%20Zamboanga%20del%20Norte!5e0!3m2!1sen!2sph!4v1714712845915!5m2!1sen!2sph\" width=\"600\" height=\"450\" style=\"border:0;\" allowfullscreen=\"\" loading=\"lazy\" referrerpolicy=\"no-referrer-when-downgrade\"></iframe>', 'pending', 'active', '2024-05-02 21:05:50', '2024-05-02 21:07:55'),
(6, 3, 'new apartment', '$2y$10$7aWNI3XN0MQ3u6GoSYxAM.B7nLCwLRCj9c.jf294mJA5lpNIx4/sG', '', '1715087297.jpg', 'Antonino', '09700773326', 'southern@gmail.com', NULL, 'pending', 'active', '2024-05-07 05:08:17', '2024-05-07 05:08:17'),
(8, 1, 'Casi Hotel', '$2y$10$7aWNI3XN0MQ3u6GoSYxAM.B7nLCwLRCj9c.jf294mJA5lpNIx4/sG', '', '1717029738.jpg', 'Gil Sanchez, Zamboanga del Norte', '09361742379', 'casihotel@gmail.com', 'fersgthehtr', 'pending', 'active', '2024-05-29 16:42:18', '2024-05-29 16:42:18'),
(10, 2, 'New Boarding House', '$2y$10$7aWNI3XN0MQ3u6GoSYxAM.B7nLCwLRCj9c.jf294mJA5lpNIx4/sG', '', '1717323290.jpg', 'Lawigan, Labason, Zamboanga del Norte', '092358532923', 'bh@gmail.com', 'maphere', 'pending', 'active', '2024-06-02 02:14:50', '2024-06-02 02:14:50'),
(12, 2, 'Ken\'s Boarding House', '$2y$10$Vo3.Pd.GC3g2J6.XdZ02HuOQYhHPlTiGSi2QBpsEk5kaKEPnGDJqy', '07e5232c61d1b09cf67e1da6df1dad2a05fbbc7a923549966b272786c898fded', '1720058993.jpg', 'Kipit,Labason,Zamboanga del Norte', '09767576878', 'kenbh@gmail.com', 'mapcode', 'approved', 'active', '2024-07-03 17:46:13', '2024-07-03 18:10:20'),
(13, 1, 'Kiki Hotel', '$2y$10$RqouLpi950ikr/rx8S/mAO/sTICfaNrTR7A9bDn36hhqPe5IgkWwK', '7ae79ae8c066920ddeb4e8f737963a88105a4aa5cf34e0e84300492c706f1326', NULL, 'Antonino, Labason, Zamboanga del Norte', '0923938992', 'kikihotel@gmail.com', '<iframe src=\"https://www.google.com/maps/embed?pb=!1m18!1m12!1m3!1d48311.68232199877!2d122.43833782973185!3d8.04735588528468!2m3!1f0!2f0!3f0!3m2!1i1024!2i768!4f13.1!3m3!1m2!1s0x3253c9ba8b8cd173%3A0xdc1ec724b3b71dee!2sKipit%2C%20Zamboanga%20del%20Norte!5e1!3m2!1sen!2sph!4v1720060099689!5m2!1sen!2sph\" width=\"600\" height=\"450\" style=\"border:0;\" allowfullscreen=\"\" loading=\"lazy\" referrerpolicy=\"no-referrer-when-downgrade\"></iframe>', 'pending', 'deleted', '2024-07-04 20:10:28', '2024-07-05 06:50:47'),
(14, 3, 'Happy Apartment', '$2y$10$DiKH8A5sqt/SxbT1mzKkFuGEbNC/p9GKnXAyoVWWTbRlSz5cJb9Dq', 'c31ee918ac098882ec879cbb6527c98134bbe0a737e6d3f4758ee68997c727ff', '1720191094.jpg', 'Labason, Zamboanga del Norte', '09278962312', 'happy@gmail.com', '<iframe src=\"https://www.google.com/maps/embed?pb=!1m18!1m12!1m3!1d48311.68232199877!2d122.43833782973185!3d8.04735588528468!2m3!1f0!2f0!3f0!3m2!1i1024!2i768!4f13.1!3m3!1m2!1s0x3253c9ba8b8cd173%3A0xdc1ec724b3b71dee!2sKipit%2C%20Zamboanga%20del%20Norte!5e1!3m2!1sen!2sph!4v1720060099689!5m2!1sen!2sph\" width=\"600\" height=\"450\" style=\"border:0;\" allowfullscreen=\"\" loading=\"lazy\" referrerpolicy=\"no-referrer-when-downgrade\"></iframe>', 'approved', 'active', '2024-07-05 05:32:25', '2024-07-05 06:51:34'),
(16, 3, 'New Apartment 01', '$2y$10$iJHiYXVBKDYDqLENHlm2jeqdet4C8a84uzJgmirw8dzyc9OAwzcqS', '26809c05b02c9fd5ef7366ea30624cad5fd1472264ad5383192fadecae552456', '1720316849.jpg', 'Gutalac, Zamboanga del Norte', '0932763283', 'newapartment@gmail.com', '<iframe src=\"https://www.google.com/maps/embed?pb=!1m18!1m12!1m3!1d48311.68232199877!2d122.43833782973185!3d8.04735588528468!2m3!1f0!2f0!3f0!3m2!1i1024!2i768!4f13.1!3m3!1m2!1s0x3253c9ba8b8cd173%3A0xdc1ec724b3b71dee!2sKipit%2C%20Zamboanga%20del%20Norte!5e1!3m2!1sen!2sph!4v1720060099689!5m2!1sen!2sph\" width=\"600\" height=\"450\" style=\"border:0;\" allowfullscreen=\"\" loading=\"lazy\" referrerpolicy=\"no-referrer-when-downgrade\"></iframe>', 'approved', 'active', '2024-07-06 17:44:56', '2024-07-06 17:48:00'),
(17, 2, 'Vhencarl  house', '$2y$10$I8lPOTLW2YctMyHl1EHOvOpBOC9NV8CtE8E9fcxD71smm42nvVI7G', 'eb5c76fc9e2da9736f9688a303f2ae02588684b93037e5d5d3e723aeecfc6754', '1720318282.jpg', 'Osukan', '09700773326', 'vhe@gmail.com', '<iframe src=\"https://www.google.com/maps/embed?pb=!1m18!1m12!1m3!1d48311.68232199877!2d122.43833782973185!3d8.04735588528468!2m3!1f0!2f0!3f0!3m2!1i1024!2i768!4f13.1!3m3!1m2!1s0x3253c9ba8b8cd173%3A0xdc1ec724b3b71dee!2sKipit%2C%20Zamboanga%20del%20Norte!5e1!3m2!1sen!2sph!4v1720060099689!5m2!1sen!2sph\" width=\"600\" height=\"450\" style=\"border:0;\" allowfullscreen=\"\" loading=\"lazy\" referrerpolicy=\"no-referrer-when-downgrade\"></iframe>', 'approved', 'active', '2024-07-06 18:09:56', '2024-07-06 18:11:50'),
(18, 2, 'Maica\'s Boarding House', '$2y$10$5QC51cUEzI2bYB02Vl.qPuYj7gJC3PFIwoGh/231wNsu9Pp79yBha', '8abd02a7e5f86496f6ff1cacdc2832bf4be59bfd0a2e08121cbc3a6f58ee9661', '1721651745.jpg', 'Lawigan, Labason, Zamboanga del Norte', '0963289349', 'maicabh@gmail.com', '<iframe src=\"https://www.google.com/maps/embed?pb=!1m18!1m12!1m3!1d31604.226831662603!2d122.49785116274698!3d8.047462080191458!2m3!1f0!2f0!3f0!3m2!1i1024!2i768!4f13.1!3m3!1m2!1s0x3253c86bc6be4a9f%3A0x2fd1dbe160502bb6!2sLawigan%2C%20Labason%2C%20Zamboanga%20del%20Norte!5e0!3m2!1sen!2sph!4v1721651475524!5m2!1sen!2sph\" width=\"600\" height=\"450\" style=\"border:0;\" allowfullscreen=\"\" loading=\"lazy\" referrerpolicy=\"no-referrer-when-downgrade\"></iframe>', 'pending', 'active', '2024-07-22 04:32:05', '2024-07-22 04:35:45'),
(19, 1, 'Jas Sample Hotel', '$2y$10$EhvoZCBUfix1IUZ71qcoxO6puox50Cj/3iML4JyHazSI19uyCPnIW', 'c354c731bb622a097f79406ffd040119535cdad6a278ba70c418106442a0dd30', '1722493014.jpg', 'Sindangan, Zamboanga del Norte', '092212767647464', 'jas@gmail.com', 'samplecode', 'approved', 'active', '2024-07-23 15:34:28', '2024-07-31 22:16:54'),
(20, 3, 'Eeeeyy Apartment', '$2y$10$Kl/5ObSrWzNpU3xqKyaVtOrxknSFtQOiR/WQc2aMvWEcNWm8djqym', '8046f02951c9e6ba0ae1a5834bc571defcca09c441eb141c7424ac540be81f21', '1721884654.jpg', 'Biniverse, Philippines', '092378261', 'eeyy@gmail.com', '<iframe src=\"https://www.google.com/maps/embed?pb=!1m18!1m12!1m3!1d48311.68232199877!2d122.43833782973185!3d8.04735588528468!2m3!1f0!2f0!3f0!3m2!1i1024!2i768!4f13.1!3m3!1m2!1s0x3253c9ba8b8cd173%3A0xdc1ec724b3b71dee!2sKipit%2C%20Zamboanga%20del%20Norte!5e1!3m2!1sen!2sph!4v1720060099689!5m2!1sen!2sph\" width=\"600\" height=\"450\" style=\"border:0;\" allowfullscreen=\"\" loading=\"lazy\" referrerpolicy=\"no-referrer-when-downgrade\"></iframe>', 'pending', 'active', '2024-07-24 21:13:44', '2024-07-24 21:17:34'),
(21, 2, 'Tresha\'s Boarding House', '$2y$10$GQwjo6ZQcbKg6uu3vr47HuHYAiNtIP7oyTSa5mhgwpROBexzrXMyW', '72bc07c4c391e239fc47c907fc55f0e32d5ab3371c889492600bdfebe6c99b3c', '1721889413.jpg', 'Dansalan, Zamboanga del Norte', '097364283764', 'treshabh@gmail.com', '<iframe src=\"https://www.google.com/maps/embed?pb=!1m18!1m12!1m3!1d31604.226831662603!2d122.49785116274698!3d8.047462080191458!2m3!1f0!2f0!3f0!3m2!1i1024!2i768!4f13.1!3m3!1m2!1s0x3253c86bc6be4a9f%3A0x2fd1dbe160502bb6!2sLawigan%2C%20Labason%2C%20Zamboanga%20del%20Norte!5e0!3m2!1sen!2sph!4v1721651475524!5m2!1sen!2sph\" width=\"600\" height=\"450\" style=\"border:0;\" allowfullscreen=\"\" loading=\"lazy\" referrerpolicy=\"no-referrer-when-downgrade\"></iframe>', 'pending', 'active', '2024-07-24 22:35:38', '2024-07-24 22:36:53'),
(22, 3, 'RJ\'s Apartment', '$2y$10$FIXf//65e5gh6oKD6ZqPTuV/lEbOkGXr4l/ZqVNYDffeeCBT8hRJ6', '729ba5e9094c60dea492279b64adb124a8fa7b2ec78b340318a993d27d323bf9', '1721891198.jpg', 'Antonino, Labason, Zamboanga del Norte', '093894221', 'rj@gmail.com', '<iframe src=\"https://www.google.com/maps/embed?pb=!1m18!1m12!1m3!1d31604.226831662603!2d122.49785116274698!3d8.047462080191458!2m3!1f0!2f0!3f0!3m2!1i1024!2i768!4f13.1!3m3!1m2!1s0x3253c86bc6be4a9f%3A0x2fd1dbe160502bb6!2sLawigan%2C%20Labason%2C%20Zamboanga%20del%20Norte!5e0!3m2!1sen!2sph!4v1721651475524!5m2!1sen!2sph\" width=\"600\" height=\"450\" style=\"border:0;\" allowfullscreen=\"\" loading=\"lazy\" referrerpolicy=\"no-referrer-when-downgrade\"></iframe>', 'approved', 'active', '2024-07-24 23:05:07', '2024-07-24 23:07:01'),
(23, 2, 'Vergara\'s Boarding House', '$2y$10$.gsrsA0o.jlWBDk2IviqZ.ZnMLB/f3SR609PeBlUe4U5ZTCyAa7oK', 'f60e2a138d60744d9916089dc9a2e1e99c93cf62a85a925e683b2f7ca9d74f58', '1722518283.jpg', 'Biniverse, Philippines', '09237923832', 'vergarabh@gmail.com', NULL, 'approved', 'active', '2024-08-01 05:17:19', '2024-08-01 05:19:17'),
(24, 1, 'Staku\'s Hotel', '$2y$10$h0OlRiiviDNRvQV1a8Bfi.Jwe2o5KMECsoheAeiZoUcPFrh8JO96O', '75785298b91b4ac91b3069051f31455d698f5d26019c3174528e2e296714d1b0', '1722663002.jpg', 'Kipit,Labason,Zamboanga del Norte', '09478347923', 'staku@gmail.com', 'map here', 'approved', 'active', '2024-08-02 21:29:09', '2024-08-02 21:30:27');

-- --------------------------------------------------------

--
-- Table structure for table `accommodation_rates`
--

CREATE TABLE `accommodation_rates` (
  `id` bigint(20) UNSIGNED NOT NULL,
  `customer_id` bigint(20) UNSIGNED NOT NULL,
  `accommodation_id` bigint(20) UNSIGNED NOT NULL,
  `rate` decimal(3,1) NOT NULL,
  `review_heading` text NOT NULL,
  `review_description` text NOT NULL,
  `remark` text DEFAULT NULL,
  `created_at` timestamp NULL DEFAULT NULL,
  `updated_at` timestamp NULL DEFAULT NULL
) ENGINE=InnoDB DEFAULT CHARSET=utf8mb4 COLLATE=utf8mb4_unicode_ci;

-- --------------------------------------------------------

--
-- Table structure for table `accommodation_types`
--

CREATE TABLE `accommodation_types` (
  `id` bigint(20) UNSIGNED NOT NULL,
  `name` text NOT NULL,
  `photo` text NOT NULL,
  `remark` text DEFAULT NULL,
  `created_at` timestamp NULL DEFAULT NULL,
  `updated_at` timestamp NULL DEFAULT NULL
) ENGINE=InnoDB DEFAULT CHARSET=utf8mb4 COLLATE=utf8mb4_unicode_ci;

--
-- Dumping data for table `accommodation_types`
--

INSERT INTO `accommodation_types` (`id`, `name`, `photo`, `remark`, `created_at`, `updated_at`) VALUES
(1, 'Hotel', '1713795760.jpg', 'active', '2024-04-02 20:41:39', '2024-06-12 22:18:21'),
(2, 'Boarding House', '1715086767.jpg', 'active', '2024-04-02 20:42:12', '2024-05-07 04:59:27'),
(3, 'Apartment', '1713795971.jpg', 'active', '2024-04-02 20:42:45', '2024-04-22 06:26:11');

-- --------------------------------------------------------

--
-- Table structure for table `admins`
--

CREATE TABLE `admins` (
  `id` bigint(20) UNSIGNED NOT NULL,
  `name` varchar(255) NOT NULL,
  `email` varchar(255) NOT NULL,
  `password` varchar(255) NOT NULL,
  `photo` varchar(255) NOT NULL,
  `token` varchar(255) NOT NULL,
  `created_at` timestamp NULL DEFAULT NULL,
  `updated_at` timestamp NULL DEFAULT NULL
) ENGINE=InnoDB DEFAULT CHARSET=utf8mb4 COLLATE=utf8mb4_unicode_ci;

--
-- Dumping data for table `admins`
--

INSERT INTO `admins` (`id`, `name`, `email`, `password`, `photo`, `token`, `created_at`, `updated_at`) VALUES
(1, 'Celine Lerios', 'celine@gmail.com', '$2y$10$5QC51cUEzI2bYB02Vl.qPuYj7gJC3PFIwoGh/231wNsu9Pp79yBha', 'admin.svg', '', NULL, '2024-04-02 16:42:12');

-- --------------------------------------------------------

--
-- Table structure for table `amenities`
--

CREATE TABLE `amenities` (
  `id` bigint(20) UNSIGNED NOT NULL,
  `name` text NOT NULL,
  `remark` text DEFAULT NULL,
  `created_at` timestamp NULL DEFAULT NULL,
  `updated_at` timestamp NULL DEFAULT NULL
) ENGINE=InnoDB DEFAULT CHARSET=utf8mb4 COLLATE=utf8mb4_unicode_ci;

--
-- Dumping data for table `amenities`
--

INSERT INTO `amenities` (`id`, `name`, `remark`, `created_at`, `updated_at`) VALUES
(1, 'Toiletries (e.g. Shampoo, lotion, etc.)', 'active', '2024-04-03 15:33:53', '2024-04-03 15:33:53'),
(2, 'Personal care (combs, shaving cream, razor, shower cap, hair dryer)', 'active', '2024-04-03 15:34:08', '2024-04-03 15:34:08'),
(3, 'Coffee Kit (maker, coffee and creamer)', 'active', '2024-04-03 15:34:17', '2024-04-03 15:34:17'),
(4, 'Tissue box', 'active', '2024-04-03 15:34:25', '2024-06-12 22:14:43'),
(5, 'Bathrobes and slippers', 'active', '2024-04-03 15:34:34', '2024-04-03 15:34:34'),
(6, 'Free breakfast', 'active', '2024-04-03 15:34:49', '2024-04-03 15:34:49'),
(7, 'Options for pillows', 'active', '2024-04-03 15:35:02', '2024-04-03 15:35:02'),
(8, 'Free WiFi internet access', 'active', '2024-04-03 15:35:14', '2024-04-03 15:35:14'),
(9, 'Free parking', 'active', '2024-04-03 15:35:25', '2024-04-03 15:35:25'),
(10, 'Premium coffee', 'active', '2024-04-03 15:35:36', '2024-04-03 15:35:36'),
(11, 'Gym or fitness center', 'active', '2024-04-03 15:35:47', '2024-04-03 15:35:47'),
(12, 'Kid Equipment', 'active', '2024-04-03 15:36:34', '2024-04-03 15:36:34'),
(13, 'House Car Service', 'active', '2024-04-03 15:36:58', '2024-04-03 15:36:58'),
(14, 'In-Room Cocktail Station', 'active', '2024-04-03 15:37:18', '2024-04-03 15:37:18'),
(15, 'Musical Instruments', 'active', '2024-04-03 15:37:39', '2024-04-03 15:37:39'),
(16, 'Secured parking garages/assigned parking', 'active', '2024-04-03 15:38:43', '2024-04-03 15:38:43'),
(17, 'Package rooms and package lockers', 'active', '2024-04-03 15:38:57', '2024-04-03 15:38:57'),
(18, 'Online rent payment and maintenance requests', 'active', '2024-04-03 15:39:06', '2024-04-03 15:39:06'),
(19, 'Dishwashers', 'active', '2024-04-03 15:40:15', '2024-04-03 15:40:15'),
(20, 'communal kitchen', 'active', '2024-04-03 15:41:53', '2024-04-03 15:41:53'),
(21, 'Laundry Area', 'active', '2024-04-03 15:42:03', '2024-04-03 15:44:09'),
(22, 'parking space', 'active', '2024-04-03 15:42:15', '2024-04-03 15:42:15'),
(24, 'Housekeeping', 'active', '2024-04-03 15:43:44', '2024-04-03 15:43:44');

-- --------------------------------------------------------

--
-- Table structure for table `booked_rooms`
--

CREATE TABLE `booked_rooms` (
  `id` bigint(20) UNSIGNED NOT NULL,
  `booking_date` text NOT NULL,
  `order_no` text NOT NULL,
  `room_id` int(11) NOT NULL,
  `created_at` timestamp NULL DEFAULT NULL,
  `updated_at` timestamp NULL DEFAULT NULL
) ENGINE=InnoDB DEFAULT CHARSET=utf8mb4 COLLATE=utf8mb4_unicode_ci;

--
-- Dumping data for table `booked_rooms`
--

INSERT INTO `booked_rooms` (`id`, `booking_date`, `order_no`, `room_id`, `created_at`, `updated_at`) VALUES
(1, '20/05/2024', '1715730978', 4, '2024-05-14 15:56:18', '2024-05-14 15:56:18'),
(2, '21/05/2024', '1715730978', 4, '2024-05-14 15:56:18', '2024-05-14 15:56:18'),
(3, '22/05/2024', '1715730978', 4, '2024-05-14 15:56:18', '2024-05-14 15:56:18'),
(4, '23/05/2024', '1715730978', 4, '2024-05-14 15:56:18', '2024-05-14 15:56:18'),
(5, '24/05/2024', '1715730978', 4, '2024-05-14 15:56:18', '2024-05-14 15:56:18'),
(6, '25/05/2024', '1715730978', 4, '2024-05-14 15:56:18', '2024-05-14 15:56:18'),
(7, '23/05/2024', '1715739132', 2, '2024-05-14 18:12:12', '2024-05-14 18:12:12'),
(8, '24/05/2024', '1715739132', 2, '2024-05-14 18:12:12', '2024-05-14 18:12:12'),
(9, '17/06/2024', '1715784259', 3, '2024-05-15 06:44:19', '2024-05-15 06:44:19'),
(10, '18/06/2024', '1715784259', 3, '2024-05-15 06:44:19', '2024-05-15 06:44:19'),
(11, '19/06/2024', '1715784259', 3, '2024-05-15 06:44:19', '2024-05-15 06:44:19'),
(12, '20/06/2024', '1715784259', 3, '2024-05-15 06:44:19', '2024-05-15 06:44:19'),
(13, '21/06/2024', '1715784259', 3, '2024-05-15 06:44:19', '2024-05-15 06:44:19'),
(14, '22/06/2024', '1715784259', 3, '2024-05-15 06:44:19', '2024-05-15 06:44:19'),
(15, '23/06/2024', '1715784259', 3, '2024-05-15 06:44:19', '2024-05-15 06:44:19'),
(16, '24/06/2024', '1715784259', 3, '2024-05-15 06:44:19', '2024-05-15 06:44:19'),
(17, '25/06/2024', '1715784259', 3, '2024-05-15 06:44:19', '2024-05-15 06:44:19'),
(18, '26/06/2024', '1715784259', 3, '2024-05-15 06:44:19', '2024-05-15 06:44:19'),
(19, '27/06/2024', '1715784259', 3, '2024-05-15 06:44:19', '2024-05-15 06:44:19'),
(20, '28/06/2024', '1715784259', 3, '2024-05-15 06:44:19', '2024-05-15 06:44:19'),
(21, '29/06/2024', '1715784259', 3, '2024-05-15 06:44:19', '2024-05-15 06:44:19'),
(22, '14/06/2024', '1715840819', 4, '2024-05-15 22:26:59', '2024-05-15 22:26:59'),
(23, '15/06/2024', '1715840819', 4, '2024-05-15 22:26:59', '2024-05-15 22:26:59'),
(24, '16/06/2024', '1715840819', 4, '2024-05-15 22:26:59', '2024-05-15 22:26:59'),
(25, '21/05/2024', '1715841756', 1, '2024-05-15 22:42:36', '2024-05-15 22:42:36'),
(26, '22/05/2024', '1715841756', 1, '2024-05-15 22:42:36', '2024-05-15 22:42:36'),
(27, '23/05/2024', '1715841756', 1, '2024-05-15 22:42:36', '2024-05-15 22:42:36'),
(28, '24/05/2024', '1715841756', 1, '2024-05-15 22:42:36', '2024-05-15 22:42:36'),
(29, '25/05/2024', '1715841756', 1, '2024-05-15 22:42:36', '2024-05-15 22:42:36'),
(30, '27/06/2024', '1715842717', 1, '2024-05-15 22:58:37', '2024-05-15 22:58:37'),
(31, '28/06/2024', '1715842717', 1, '2024-05-15 22:58:37', '2024-05-15 22:58:37'),
(32, '29/06/2024', '1715842717', 1, '2024-05-15 22:58:37', '2024-05-15 22:58:37'),
(33, '30/06/2024', '1715842717', 1, '2024-05-15 22:58:37', '2024-05-15 22:58:37'),
(34, '21/05/2024', '1715843948', 1, '2024-05-15 23:19:08', '2024-05-15 23:19:08'),
(35, '22/05/2024', '1715843948', 1, '2024-05-15 23:19:08', '2024-05-15 23:19:08'),
(36, '23/05/2024', '1715843948', 1, '2024-05-15 23:19:08', '2024-05-15 23:19:08'),
(37, '27/05/2024', '1716126303', 3, '2024-05-19 05:45:03', '2024-05-19 05:45:03'),
(38, '28/05/2024', '1716126303', 3, '2024-05-19 05:45:03', '2024-05-19 05:45:03'),
(39, '29/05/2024', '1716126303', 3, '2024-05-19 05:45:03', '2024-05-19 05:45:03'),
(40, '30/05/2024', '1716126303', 3, '2024-05-19 05:45:03', '2024-05-19 05:45:03'),
(41, '31/05/2024', '1716126303', 3, '2024-05-19 05:45:03', '2024-05-19 05:45:03'),
(42, '30/05/2024', '1716127825', 1, '2024-05-19 06:10:25', '2024-05-19 06:10:25'),
(43, '31/05/2024', '1716127825', 1, '2024-05-19 06:10:25', '2024-05-19 06:10:25'),
(44, '01/06/2024', '1716789042', 3, '2024-05-26 21:50:42', '2024-05-26 21:50:42'),
(45, '02/06/2024', '1716789042', 3, '2024-05-26 21:50:42', '2024-05-26 21:50:42'),
(46, '03/06/2024', '1716789042', 3, '2024-05-26 21:50:42', '2024-05-26 21:50:42'),
(47, '04/06/2024', '1716789042', 3, '2024-05-26 21:50:42', '2024-05-26 21:50:42'),
(48, '05/06/2024', '1716789042', 3, '2024-05-26 21:50:42', '2024-05-26 21:50:42'),
(49, '30/05/2024', '1716900175', 4, '2024-05-28 04:42:55', '2024-05-28 04:42:55'),
(50, '31/05/2024', '1716900175', 4, '2024-05-28 04:42:55', '2024-05-28 04:42:55'),
(51, '01/06/2024', '1716900175', 4, '2024-05-28 04:42:55', '2024-05-28 04:42:55'),
(52, '09/06/2024', '1716990049', 4, '2024-05-29 05:40:49', '2024-05-29 05:40:49'),
(53, '10/06/2024', '1716990049', 4, '2024-05-29 05:40:49', '2024-05-29 05:40:49'),
(54, '11/06/2024', '1716990049', 4, '2024-05-29 05:40:49', '2024-05-29 05:40:49'),
(55, '12/06/2024', '1716990049', 4, '2024-05-29 05:40:49', '2024-05-29 05:40:49'),
(56, '13/06/2024', '1716990049', 4, '2024-05-29 05:40:49', '2024-05-29 05:40:49'),
(57, '20/06/2024', '1717030648', 4, '2024-05-29 16:57:28', '2024-05-29 16:57:28'),
(58, '21/06/2024', '1717030648', 4, '2024-05-29 16:57:28', '2024-05-29 16:57:28'),
(59, '22/06/2024', '1717030648', 4, '2024-05-29 16:57:28', '2024-05-29 16:57:28'),
(60, '23/06/2024', '1717030648', 4, '2024-05-29 16:57:28', '2024-05-29 16:57:28'),
(61, '24/06/2024', '1717030648', 4, '2024-05-29 16:57:28', '2024-05-29 16:57:28'),
(62, '25/06/2024', '1717030648', 4, '2024-05-29 16:57:28', '2024-05-29 16:57:28'),
(63, '08/06/2024', '1717032498', 3, '2024-05-29 17:28:18', '2024-05-29 17:28:18'),
(64, '09/06/2024', '1717032498', 3, '2024-05-29 17:28:18', '2024-05-29 17:28:18'),
(65, '10/06/2024', '1717032498', 3, '2024-05-29 17:28:18', '2024-05-29 17:28:18'),
(66, '14/06/2024', '1717246879', 7, '2024-06-01 05:01:19', '2024-06-01 05:01:19'),
(67, '15/06/2024', '1717246879', 7, '2024-06-01 05:01:19', '2024-06-01 05:01:19'),
(68, '16/06/2024', '1717246879', 7, '2024-06-01 05:01:19', '2024-06-01 05:01:19'),
(69, '17/06/2024', '1717246879', 7, '2024-06-01 05:01:19', '2024-06-01 05:01:19'),
(70, '18/06/2024', '1717246879', 7, '2024-06-01 05:01:19', '2024-06-01 05:01:19'),
(71, '19/06/2024', '1717246879', 7, '2024-06-01 05:01:19', '2024-06-01 05:01:19'),
(72, '20/06/2024', '1717246879', 7, '2024-06-01 05:01:19', '2024-06-01 05:01:19'),
(73, '21/06/2024', '1717246879', 7, '2024-06-01 05:01:19', '2024-06-01 05:01:19'),
(74, '22/06/2024', '1717246879', 7, '2024-06-01 05:01:19', '2024-06-01 05:01:19'),
(75, '23/06/2024', '1717246879', 7, '2024-06-01 05:01:19', '2024-06-01 05:01:19'),
(76, '24/06/2024', '1717246879', 7, '2024-06-01 05:01:19', '2024-06-01 05:01:19'),
(77, '25/06/2024', '1717246879', 7, '2024-06-01 05:01:19', '2024-06-01 05:01:19'),
(78, '26/06/2024', '1717246879', 7, '2024-06-01 05:01:19', '2024-06-01 05:01:19'),
(79, '27/06/2024', '1717246879', 7, '2024-06-01 05:01:19', '2024-06-01 05:01:19'),
(80, '28/06/2024', '1717246879', 7, '2024-06-01 05:01:19', '2024-06-01 05:01:19'),
(81, '29/06/2024', '1717246879', 7, '2024-06-01 05:01:20', '2024-06-01 05:01:20'),
(82, '11/06/2024', '1717322083', 7, '2024-06-02 01:54:43', '2024-06-02 01:54:43'),
(83, '12/06/2024', '1717322083', 7, '2024-06-02 01:54:43', '2024-06-02 01:54:43'),
(84, '13/06/2024', '1717322083', 7, '2024-06-02 01:54:43', '2024-06-02 01:54:43'),
(85, '14/06/2024', '1717322083', 7, '2024-06-02 01:54:43', '2024-06-02 01:54:43'),
(86, '10/06/2024', '1717331504', 10, '2024-06-02 04:31:44', '2024-06-02 04:31:44'),
(87, '11/06/2024', '1717331504', 10, '2024-06-02 04:31:44', '2024-06-02 04:31:44'),
(88, '07/07/2024', '1720317683', 12, '2024-07-06 18:01:23', '2024-07-06 18:01:23'),
(89, '08/07/2024', '1720317683', 12, '2024-07-06 18:01:23', '2024-07-06 18:01:23'),
(90, '09/07/2024', '1720317683', 12, '2024-07-06 18:01:23', '2024-07-06 18:01:23'),
(91, '10/07/2024', '1720317683', 12, '2024-07-06 18:01:23', '2024-07-06 18:01:23'),
(92, '11/07/2024', '1720317683', 12, '2024-07-06 18:01:23', '2024-07-06 18:01:23'),
(93, '12/07/2024', '1720317683', 12, '2024-07-06 18:01:23', '2024-07-06 18:01:23'),
(94, '13/07/2024', '1720317683', 12, '2024-07-06 18:01:23', '2024-07-06 18:01:23'),
(95, '14/07/2024', '1720317683', 12, '2024-07-06 18:01:23', '2024-07-06 18:01:23'),
(96, '15/07/2024', '1720317683', 12, '2024-07-06 18:01:23', '2024-07-06 18:01:23'),
(97, '16/07/2024', '1720317683', 12, '2024-07-06 18:01:23', '2024-07-06 18:01:23'),
(98, '17/07/2024', '1720317683', 12, '2024-07-06 18:01:23', '2024-07-06 18:01:23'),
(99, '18/07/2024', '1720317683', 12, '2024-07-06 18:01:23', '2024-07-06 18:01:23'),
(100, '19/07/2024', '1720317683', 12, '2024-07-06 18:01:23', '2024-07-06 18:01:23'),
(101, '20/07/2024', '1720317683', 12, '2024-07-06 18:01:23', '2024-07-06 18:01:23'),
(102, '21/07/2024', '1720317683', 12, '2024-07-06 18:01:23', '2024-07-06 18:01:23'),
(103, '22/07/2024', '1720317683', 12, '2024-07-06 18:01:23', '2024-07-06 18:01:23'),
(104, '23/07/2024', '1720317683', 12, '2024-07-06 18:01:23', '2024-07-06 18:01:23'),
(105, '24/07/2024', '1720317683', 12, '2024-07-06 18:01:23', '2024-07-06 18:01:23'),
(106, '25/07/2024', '1720317683', 12, '2024-07-06 18:01:23', '2024-07-06 18:01:23'),
(107, '26/07/2024', '1720317683', 12, '2024-07-06 18:01:23', '2024-07-06 18:01:23'),
(108, '27/07/2024', '1720317683', 12, '2024-07-06 18:01:23', '2024-07-06 18:01:23'),
(109, '28/07/2024', '1720317683', 12, '2024-07-06 18:01:23', '2024-07-06 18:01:23'),
(110, '29/07/2024', '1720317683', 12, '2024-07-06 18:01:23', '2024-07-06 18:01:23'),
(111, '30/07/2024', '1720317683', 12, '2024-07-06 18:01:23', '2024-07-06 18:01:23'),
(112, '31/07/2024', '1720317683', 12, '2024-07-06 18:01:23', '2024-07-06 18:01:23'),
(113, '01/08/2024', '1720317683', 12, '2024-07-06 18:01:23', '2024-07-06 18:01:23'),
(114, '02/08/2024', '1720317683', 12, '2024-07-06 18:01:23', '2024-07-06 18:01:23'),
(115, '03/08/2024', '1720317683', 12, '2024-07-06 18:01:23', '2024-07-06 18:01:23'),
(116, '04/08/2024', '1720317683', 12, '2024-07-06 18:01:23', '2024-07-06 18:01:23'),
(117, '05/08/2024', '1720317683', 12, '2024-07-06 18:01:23', '2024-07-06 18:01:23'),
(118, '06/08/2024', '1720317683', 12, '2024-07-06 18:01:23', '2024-07-06 18:01:23'),
(119, '07/08/2024', '1720317683', 12, '2024-07-06 18:01:23', '2024-07-06 18:01:23'),
(120, '09/07/2024', '1720318845', 13, '2024-07-06 18:20:45', '2024-07-06 18:20:45'),
(121, '10/07/2024', '1720318845', 13, '2024-07-06 18:20:45', '2024-07-06 18:20:45'),
(122, '11/07/2024', '1720318845', 13, '2024-07-06 18:20:45', '2024-07-06 18:20:45'),
(123, '12/07/2024', '1720318845', 13, '2024-07-06 18:20:45', '2024-07-06 18:20:45'),
(124, '13/07/2024', '1720318845', 13, '2024-07-06 18:20:45', '2024-07-06 18:20:45'),
(125, '14/07/2024', '1720318845', 13, '2024-07-06 18:20:45', '2024-07-06 18:20:45'),
(126, '23/07/2024', '1721653740', 15, '2024-07-22 05:09:00', '2024-07-22 05:09:00'),
(127, '24/07/2024', '1721653740', 15, '2024-07-22 05:09:00', '2024-07-22 05:09:00'),
(128, '25/07/2024', '1721653740', 15, '2024-07-22 05:09:00', '2024-07-22 05:09:00'),
(129, '26/07/2024', '1721653740', 15, '2024-07-22 05:09:00', '2024-07-22 05:09:00'),
(130, '27/07/2024', '1721653740', 15, '2024-07-22 05:09:00', '2024-07-22 05:09:00'),
(131, '28/07/2024', '1721653740', 15, '2024-07-22 05:09:00', '2024-07-22 05:09:00'),
(132, '29/07/2024', '1721653740', 15, '2024-07-22 05:09:00', '2024-07-22 05:09:00'),
(133, '30/07/2024', '1721653740', 15, '2024-07-22 05:09:00', '2024-07-22 05:09:00'),
(134, '31/07/2024', '1721653740', 15, '2024-07-22 05:09:00', '2024-07-22 05:09:00'),
(135, '01/08/2024', '1721653740', 15, '2024-07-22 05:09:00', '2024-07-22 05:09:00'),
(136, '02/08/2024', '1721653740', 15, '2024-07-22 05:09:00', '2024-07-22 05:09:00'),
(137, '03/08/2024', '1721653740', 15, '2024-07-22 05:09:00', '2024-07-22 05:09:00'),
(138, '04/08/2024', '1721653740', 15, '2024-07-22 05:09:00', '2024-07-22 05:09:00'),
(139, '05/08/2024', '1721653740', 15, '2024-07-22 05:09:00', '2024-07-22 05:09:00'),
(140, '06/08/2024', '1721653740', 15, '2024-07-22 05:09:00', '2024-07-22 05:09:00'),
(141, '07/08/2024', '1721653740', 15, '2024-07-22 05:09:00', '2024-07-22 05:09:00'),
(142, '08/08/2024', '1721653740', 15, '2024-07-22 05:09:00', '2024-07-22 05:09:00'),
(143, '09/08/2024', '1721653740', 15, '2024-07-22 05:09:00', '2024-07-22 05:09:00'),
(144, '10/08/2024', '1721653740', 15, '2024-07-22 05:09:00', '2024-07-22 05:09:00'),
(145, '11/08/2024', '1721653740', 15, '2024-07-22 05:09:00', '2024-07-22 05:09:00'),
(146, '12/08/2024', '1721653740', 15, '2024-07-22 05:09:00', '2024-07-22 05:09:00'),
(147, '13/08/2024', '1721653740', 15, '2024-07-22 05:09:00', '2024-07-22 05:09:00'),
(148, '14/08/2024', '1721653740', 15, '2024-07-22 05:09:00', '2024-07-22 05:09:00'),
(149, '15/08/2024', '1721653740', 15, '2024-07-22 05:09:00', '2024-07-22 05:09:00'),
(150, '16/08/2024', '1721653740', 15, '2024-07-22 05:09:00', '2024-07-22 05:09:00'),
(151, '17/08/2024', '1721653740', 15, '2024-07-22 05:09:00', '2024-07-22 05:09:00'),
(152, '18/08/2024', '1721653740', 15, '2024-07-22 05:09:01', '2024-07-22 05:09:01'),
(153, '19/08/2024', '1721653740', 15, '2024-07-22 05:09:01', '2024-07-22 05:09:01'),
(154, '20/08/2024', '1721653740', 15, '2024-07-22 05:09:01', '2024-07-22 05:09:01'),
(155, '21/08/2024', '1721653740', 15, '2024-07-22 05:09:01', '2024-07-22 05:09:01'),
(156, '22/08/2024', '1721653740', 15, '2024-07-22 05:09:01', '2024-07-22 05:09:01'),
(157, '23/08/2024', '1721653740', 15, '2024-07-22 05:09:01', '2024-07-22 05:09:01'),
(158, '04/09/2024', '1721777159', 15, '2024-07-23 15:26:00', '2024-07-23 15:26:00'),
(159, '05/09/2024', '1721777159', 15, '2024-07-23 15:26:00', '2024-07-23 15:26:00'),
(160, '06/09/2024', '1721777159', 15, '2024-07-23 15:26:00', '2024-07-23 15:26:00'),
(161, '07/09/2024', '1721777159', 15, '2024-07-23 15:26:00', '2024-07-23 15:26:00'),
(162, '08/09/2024', '1721777159', 15, '2024-07-23 15:26:00', '2024-07-23 15:26:00'),
(163, '09/09/2024', '1721777159', 15, '2024-07-23 15:26:00', '2024-07-23 15:26:00'),
(164, '10/09/2024', '1721777159', 15, '2024-07-23 15:26:00', '2024-07-23 15:26:00'),
(165, '11/09/2024', '1721777159', 15, '2024-07-23 15:26:00', '2024-07-23 15:26:00'),
(166, '12/09/2024', '1721777159', 15, '2024-07-23 15:26:00', '2024-07-23 15:26:00'),
(167, '13/09/2024', '1721777159', 15, '2024-07-23 15:26:00', '2024-07-23 15:26:00'),
(168, '14/09/2024', '1721777159', 15, '2024-07-23 15:26:00', '2024-07-23 15:26:00'),
(169, '15/09/2024', '1721777159', 15, '2024-07-23 15:26:00', '2024-07-23 15:26:00'),
(170, '16/09/2024', '1721777159', 15, '2024-07-23 15:26:00', '2024-07-23 15:26:00'),
(171, '17/09/2024', '1721777159', 15, '2024-07-23 15:26:00', '2024-07-23 15:26:00'),
(172, '18/09/2024', '1721777159', 15, '2024-07-23 15:26:00', '2024-07-23 15:26:00'),
(173, '31/07/2024', '1721885145', 18, '2024-07-24 21:25:45', '2024-07-24 21:25:45'),
(174, '01/08/2024', '1721885145', 18, '2024-07-24 21:25:45', '2024-07-24 21:25:45'),
(175, '02/08/2024', '1721885145', 18, '2024-07-24 21:25:45', '2024-07-24 21:25:45'),
(176, '03/08/2024', '1721885145', 18, '2024-07-24 21:25:45', '2024-07-24 21:25:45'),
(177, '04/08/2024', '1721885145', 18, '2024-07-24 21:25:45', '2024-07-24 21:25:45'),
(178, '05/08/2024', '1721885145', 18, '2024-07-24 21:25:45', '2024-07-24 21:25:45'),
(179, '06/08/2024', '1721885145', 18, '2024-07-24 21:25:45', '2024-07-24 21:25:45'),
(180, '07/08/2024', '1721885145', 18, '2024-07-24 21:25:45', '2024-07-24 21:25:45'),
(181, '08/08/2024', '1721885145', 18, '2024-07-24 21:25:45', '2024-07-24 21:25:45'),
(182, '09/08/2024', '1721885145', 18, '2024-07-24 21:25:45', '2024-07-24 21:25:45'),
(183, '10/08/2024', '1721885145', 18, '2024-07-24 21:25:45', '2024-07-24 21:25:45'),
(184, '11/08/2024', '1721885145', 18, '2024-07-24 21:25:45', '2024-07-24 21:25:45'),
(185, '12/08/2024', '1721885145', 18, '2024-07-24 21:25:45', '2024-07-24 21:25:45'),
(186, '13/08/2024', '1721885145', 18, '2024-07-24 21:25:45', '2024-07-24 21:25:45'),
(187, '14/08/2024', '1721885145', 18, '2024-07-24 21:25:45', '2024-07-24 21:25:45'),
(188, '15/08/2024', '1721885145', 18, '2024-07-24 21:25:45', '2024-07-24 21:25:45'),
(189, '16/08/2024', '1721885145', 18, '2024-07-24 21:25:45', '2024-07-24 21:25:45'),
(190, '17/08/2024', '1721885145', 18, '2024-07-24 21:25:45', '2024-07-24 21:25:45'),
(191, '18/08/2024', '1721885145', 18, '2024-07-24 21:25:45', '2024-07-24 21:25:45'),
(192, '19/08/2024', '1721885145', 18, '2024-07-24 21:25:45', '2024-07-24 21:25:45'),
(193, '20/08/2024', '1721885145', 18, '2024-07-24 21:25:45', '2024-07-24 21:25:45'),
(194, '21/08/2024', '1721885145', 18, '2024-07-24 21:25:45', '2024-07-24 21:25:45'),
(195, '22/08/2024', '1721885145', 18, '2024-07-24 21:25:45', '2024-07-24 21:25:45'),
(196, '23/08/2024', '1721885145', 18, '2024-07-24 21:25:45', '2024-07-24 21:25:45'),
(197, '24/08/2024', '1721885145', 18, '2024-07-24 21:25:45', '2024-07-24 21:25:45'),
(198, '25/08/2024', '1721885145', 18, '2024-07-24 21:25:45', '2024-07-24 21:25:45'),
(199, '26/08/2024', '1721885145', 18, '2024-07-24 21:25:45', '2024-07-24 21:25:45'),
(200, '27/08/2024', '1721885145', 18, '2024-07-24 21:25:45', '2024-07-24 21:25:45'),
(201, '28/08/2024', '1721885145', 18, '2024-07-24 21:25:45', '2024-07-24 21:25:45'),
(202, '29/08/2024', '1721885145', 18, '2024-07-24 21:25:45', '2024-07-24 21:25:45'),
(203, '30/08/2024', '1721885145', 18, '2024-07-24 21:25:45', '2024-07-24 21:25:45'),
(204, '09/08/2024', '1721892878', 19, '2024-07-24 23:34:38', '2024-07-24 23:34:38'),
(205, '10/08/2024', '1721892878', 19, '2024-07-24 23:34:38', '2024-07-24 23:34:38'),
(206, '11/08/2024', '1721892878', 19, '2024-07-24 23:34:38', '2024-07-24 23:34:38'),
(207, '12/08/2024', '1721892878', 19, '2024-07-24 23:34:38', '2024-07-24 23:34:38'),
(208, '13/08/2024', '1721892878', 19, '2024-07-24 23:34:38', '2024-07-24 23:34:38'),
(209, '14/08/2024', '1721892878', 19, '2024-07-24 23:34:38', '2024-07-24 23:34:38'),
(210, '15/08/2024', '1721892878', 19, '2024-07-24 23:34:38', '2024-07-24 23:34:38'),
(211, '09/08/2024', '1721892960', 19, '2024-07-24 23:36:00', '2024-07-24 23:36:00'),
(212, '10/08/2024', '1721892960', 19, '2024-07-24 23:36:00', '2024-07-24 23:36:00'),
(213, '11/08/2024', '1721892960', 19, '2024-07-24 23:36:00', '2024-07-24 23:36:00'),
(214, '12/08/2024', '1721892960', 19, '2024-07-24 23:36:00', '2024-07-24 23:36:00'),
(215, '13/08/2024', '1721892960', 19, '2024-07-24 23:36:00', '2024-07-24 23:36:00'),
(216, '14/08/2024', '1721892960', 19, '2024-07-24 23:36:00', '2024-07-24 23:36:00'),
(217, '15/08/2024', '1721892960', 19, '2024-07-24 23:36:00', '2024-07-24 23:36:00'),
(218, '01/08/2024', '1721961821', 20, '2024-07-25 18:43:41', '2024-07-25 18:43:41'),
(219, '02/08/2024', '1721961821', 20, '2024-07-25 18:43:41', '2024-07-25 18:43:41'),
(220, '03/08/2024', '1721961821', 20, '2024-07-25 18:43:41', '2024-07-25 18:43:41'),
(221, '04/08/2024', '1721961821', 20, '2024-07-25 18:43:41', '2024-07-25 18:43:41'),
(222, '05/08/2024', '1721961821', 20, '2024-07-25 18:43:41', '2024-07-25 18:43:41'),
(223, '06/08/2024', '1721961821', 20, '2024-07-25 18:43:41', '2024-07-25 18:43:41'),
(224, '07/08/2024', '1721961821', 20, '2024-07-25 18:43:41', '2024-07-25 18:43:41'),
(225, '08/08/2024', '1721961821', 20, '2024-07-25 18:43:41', '2024-07-25 18:43:41'),
(226, '09/08/2024', '1721961821', 20, '2024-07-25 18:43:41', '2024-07-25 18:43:41'),
(227, '10/08/2024', '1721961821', 20, '2024-07-25 18:43:41', '2024-07-25 18:43:41'),
(228, '11/08/2024', '1721961821', 20, '2024-07-25 18:43:41', '2024-07-25 18:43:41'),
(229, '12/08/2024', '1721961821', 20, '2024-07-25 18:43:41', '2024-07-25 18:43:41'),
(230, '13/08/2024', '1721961821', 20, '2024-07-25 18:43:41', '2024-07-25 18:43:41'),
(231, '14/08/2024', '1721961821', 20, '2024-07-25 18:43:41', '2024-07-25 18:43:41'),
(232, '15/08/2024', '1721961821', 20, '2024-07-25 18:43:41', '2024-07-25 18:43:41'),
(233, '28/08/2024', '1722084471', 20, '2024-07-27 04:47:51', '2024-07-27 04:47:51'),
(234, '29/08/2024', '1722084471', 20, '2024-07-27 04:47:51', '2024-07-27 04:47:51'),
(235, '30/08/2024', '1722084471', 20, '2024-07-27 04:47:51', '2024-07-27 04:47:51'),
(236, '31/08/2024', '1722084471', 20, '2024-07-27 04:47:51', '2024-07-27 04:47:51'),
(237, '01/09/2024', '1722660919', 18, '2024-08-02 20:55:19', '2024-08-02 20:55:19'),
(238, '02/09/2024', '1722660919', 18, '2024-08-02 20:55:19', '2024-08-02 20:55:19'),
(239, '03/09/2024', '1722660919', 18, '2024-08-02 20:55:19', '2024-08-02 20:55:19'),
(240, '04/09/2024', '1722660919', 18, '2024-08-02 20:55:19', '2024-08-02 20:55:19'),
(241, '05/09/2024', '1722660919', 18, '2024-08-02 20:55:19', '2024-08-02 20:55:19'),
(242, '06/09/2024', '1722660919', 18, '2024-08-02 20:55:19', '2024-08-02 20:55:19'),
(243, '07/09/2024', '1722660919', 18, '2024-08-02 20:55:19', '2024-08-02 20:55:19'),
(244, '08/09/2024', '1722660919', 18, '2024-08-02 20:55:19', '2024-08-02 20:55:19'),
(245, '09/09/2024', '1722660919', 18, '2024-08-02 20:55:19', '2024-08-02 20:55:19'),
(246, '10/09/2024', '1722660919', 18, '2024-08-02 20:55:19', '2024-08-02 20:55:19'),
(247, '11/09/2024', '1722660919', 18, '2024-08-02 20:55:19', '2024-08-02 20:55:19'),
(248, '12/09/2024', '1722660919', 18, '2024-08-02 20:55:19', '2024-08-02 20:55:19'),
(249, '13/09/2024', '1722660919', 18, '2024-08-02 20:55:19', '2024-08-02 20:55:19'),
(250, '14/09/2024', '1722660919', 18, '2024-08-02 20:55:19', '2024-08-02 20:55:19'),
(251, '15/09/2024', '1722660919', 18, '2024-08-02 20:55:19', '2024-08-02 20:55:19'),
(252, '07/09/2024', '1722662847', 20, '2024-08-02 21:27:27', '2024-08-02 21:27:27'),
(253, '08/09/2024', '1722662847', 20, '2024-08-02 21:27:27', '2024-08-02 21:27:27'),
(254, '09/09/2024', '1722662847', 20, '2024-08-02 21:27:27', '2024-08-02 21:27:27'),
(255, '10/09/2024', '1722662847', 20, '2024-08-02 21:27:27', '2024-08-02 21:27:27'),
(256, '11/09/2024', '1722662847', 20, '2024-08-02 21:27:27', '2024-08-02 21:27:27'),
(257, '12/09/2024', '1722662847', 20, '2024-08-02 21:27:27', '2024-08-02 21:27:27'),
(258, '13/09/2024', '1722662847', 20, '2024-08-02 21:27:27', '2024-08-02 21:27:27'),
(259, '14/09/2024', '1722662847', 20, '2024-08-02 21:27:27', '2024-08-02 21:27:27'),
(260, '15/09/2024', '1722662847', 20, '2024-08-02 21:27:27', '2024-08-02 21:27:27'),
(261, '16/09/2024', '1722662847', 20, '2024-08-02 21:27:27', '2024-08-02 21:27:27'),
(262, '17/09/2024', '1722662847', 20, '2024-08-02 21:27:27', '2024-08-02 21:27:27'),
(263, '18/09/2024', '1722662847', 20, '2024-08-02 21:27:27', '2024-08-02 21:27:27'),
(264, '19/09/2024', '1722662847', 20, '2024-08-02 21:27:27', '2024-08-02 21:27:27'),
(265, '20/09/2024', '1722662847', 20, '2024-08-02 21:27:27', '2024-08-02 21:27:27'),
(266, '21/09/2024', '1722662847', 20, '2024-08-02 21:27:27', '2024-08-02 21:27:27'),
(267, '30/09/2024', '1722697969', 20, '2024-08-03 07:12:49', '2024-08-03 07:12:49'),
(268, '01/10/2024', '1722697969', 20, '2024-08-03 07:12:49', '2024-08-03 07:12:49'),
(269, '02/10/2024', '1722697969', 20, '2024-08-03 07:12:49', '2024-08-03 07:12:49'),
(270, '03/10/2024', '1722697969', 20, '2024-08-03 07:12:49', '2024-08-03 07:12:49'),
(271, '07/09/2024', '1722699225', 21, '2024-08-03 07:33:45', '2024-08-03 07:33:45'),
(272, '08/09/2024', '1722699225', 21, '2024-08-03 07:33:45', '2024-08-03 07:33:45');

-- --------------------------------------------------------

--
-- Table structure for table `customers`
--

CREATE TABLE `customers` (
  `id` bigint(20) UNSIGNED NOT NULL,
  `name` text NOT NULL,
  `email` text NOT NULL,
  `password` text NOT NULL,
  `phone` text DEFAULT NULL,
  `country` text DEFAULT NULL,
  `address` text DEFAULT NULL,
  `province` text DEFAULT NULL,
  `city` text DEFAULT NULL,
  `zip` text DEFAULT NULL,
  `photo` text DEFAULT NULL,
  `token` text DEFAULT NULL,
  `status` int(11) NOT NULL,
  `remark` text DEFAULT NULL,
  `created_at` timestamp NULL DEFAULT NULL,
  `updated_at` timestamp NULL DEFAULT NULL
) ENGINE=InnoDB DEFAULT CHARSET=utf8mb4 COLLATE=utf8mb4_unicode_ci;

--
-- Dumping data for table `customers`
--

INSERT INTO `customers` (`id`, `name`, `email`, `password`, `phone`, `country`, `address`, `province`, `city`, `zip`, `photo`, `token`, `status`, `remark`, `created_at`, `updated_at`) VALUES
(2, 'Momar Kiram', 'momar@gmail.com', '$2y$10$EnBnyLlcOzY/sv3XY4cM6OjN/8bWVftYvBjNUyHpOk.HrCepTq9p6', '09123456789', 'Philippines', 'Antonino', 'Zamboanga del Norte', 'Labason', '7117', '1712401365.webp', '', 0, 'active', '2024-04-06 02:11:39', '2024-05-15 22:31:34'),
(3, 'Vhencarl Limbaroc', 'vhencarl@gmail.com', '$2y$10$LG1TpIthPoQuURW32/T0DOCwd/0Ij4gbNe6f6XW0ak8aa3V.GvEty', NULL, NULL, NULL, NULL, NULL, NULL, NULL, '', 1, 'active', '2024-04-23 17:44:14', '2024-04-23 17:45:01'),
(4, 'Jamaica Ordineza', 'unni@gmail.com', '$2y$10$4ACr1lu0to9xXKsb5LhCs.SJN8N31wRd44HGCtIh0//qvaUsDlasi', NULL, NULL, NULL, NULL, NULL, NULL, '1715781466.jpg', '', 1, 'active', '2024-04-24 01:35:28', '2024-05-15 05:57:46'),
(5, 'Abby D. Lerios', 'abby9@gmail.com', '$2y$10$Hb1OnwcKc60l0X2E74NyaO3QEb6gT1xrVAT5WaA8D472HXFyECAPi', NULL, NULL, NULL, NULL, NULL, NULL, NULL, '', 1, 'active', '2024-05-08 06:08:26', '2024-05-08 06:10:38'),
(6, 'Celine Doong', 'hi@gmail.com', '$2y$10$7AwexwyVkVWh.2c.kY/z5O/huJE3qiTixw.QIFwYczvSFBwbkGwdK', NULL, NULL, NULL, NULL, NULL, NULL, NULL, '', 1, 'active', '2024-05-08 06:35:46', '2024-06-12 21:41:56'),
(7, 'Yvone Lerios', 'yvone@gmail.com', '$2y$10$PQzMQt2j28BotVZkNp60.uV5HKZ7vrsejrSsTYgwmth8brzPQdUK6', NULL, NULL, NULL, NULL, NULL, NULL, NULL, '', 1, 'active', '2024-05-08 18:56:28', '2024-05-08 18:57:02'),
(8, 'Kate Valer', 'kate@gmail.com', '$2y$10$lCvzIBuNrl67FZz76jzsCu4YTN9uks1nAzTPv08FmYf4YlLyJkg9S', NULL, NULL, NULL, NULL, NULL, NULL, NULL, '', 1, 'active', '2024-05-15 22:24:22', '2024-05-15 22:25:00'),
(9, 'jasminegulane', 'jasmine@gmail.com', '$2y$10$O7ruTyP1qdLRjQSfjgcLN.NNDLBbohvZ5Jo/9dsCJ3Z3e2T8x7g12', NULL, NULL, NULL, NULL, NULL, NULL, NULL, '', 1, 'active', '2024-05-15 22:38:36', '2024-05-15 22:39:29'),
(11, 'Vhencarl Limbaroc', 'cr@gmail.com', '$2y$10$KsSLCbw0tOpZlZX2XeUv5eUQvI8a6hNWG9Qm7mSljwZMWdQj9fYbi', NULL, NULL, NULL, NULL, NULL, NULL, NULL, '', 1, 'active', '2024-05-15 23:13:11', '2024-05-15 23:13:39'),
(12, 'Jeoff Hendrix C. Amplayo', 'jeoff@gmail.com', '$2y$10$rLrx3BpzWWLAkc.wEyWPh.mJJI1t28fYPE6ephZuh61KcrdJfNBe.', '09123477', 'Philippines', 'Antonino', 'Zamboanga del Norte', 'Labason', '7117', NULL, '', 1, 'active', '2024-05-29 16:31:33', '2024-06-12 23:22:09'),
(13, 'Momar Kiram', 'kiram@gmail.com', '$2y$10$L.L4wGOo5JhQ83SCBy.ereCYPT2TzFpSDdXbDL0ZPr03JLDvBu48C', '09090956', 'Philippines', 'Antonino', 'Zamboanga del Norte', 'Labason', '7117', '1720664738.png', '101877b46e71ab06d4a442b6f41b81dad02e61b4f92b548883e2df9e3369f67d', 1, NULL, '2024-07-06 17:54:54', '2024-07-10 18:34:07'),
(14, 'Eleven Cruz', 'eleven11@gmail.com', '$2y$10$l.9rwa3.BbnQ7CIVx0qMsOXC0GI6rbQBqhY9Z68nmz11dDIwXaI4K', '09169785409', 'Philippines', 'Kipit', 'Zamboanga del Norte', 'Labason', '7117', NULL, 'effd9e42a6d1daa937f64616d632048fdb164174d438cf999355ce9a520e2e70', 1, NULL, '2024-07-22 04:50:24', '2024-07-23 15:29:06'),
(15, 'Edrian Maravillas', 'pan@gmail.com', '$2y$10$rcKTDgIvcqh5uz2Y4z35quqGLutDOAIWKP8LSiiHhenjzs70Q1K3G', NULL, NULL, NULL, NULL, NULL, NULL, NULL, '', 1, NULL, '2024-07-24 21:23:35', '2024-07-24 23:01:40'),
(16, 'Ariel D. Seruela', 'ariel@gmail.com', '$2y$10$TnVwjNfrh3GsLd5v8IDm5ObPOR4rvjggYXegD8kMaDu5zJERKOeDi', NULL, NULL, NULL, NULL, NULL, NULL, NULL, '415a4db3e80c7dcc25fb98a8c63d004cbeab9e0af7cb2ac9c0047fe914024644', 1, NULL, '2024-07-24 22:44:45', '2024-07-24 22:45:16'),
(17, 'Pres Mabilog', 'pres@gmail.com', '$2y$10$HWtTd5CaEqOMi7NdLvIxP.JFDou6aWcFMl9fUd25hPPzrRQ6PAZtC', NULL, NULL, NULL, NULL, NULL, NULL, NULL, '7d1210dd6a598de7784902d094c2c045c35b843288e6d88765b229d06da376a7', 1, NULL, '2024-07-24 22:53:54', '2024-07-24 22:54:27'),
(18, 'mikey', 'mik@gmail.com', '$2y$10$s9rQyJqrVieDxVfCmNWMw.z.4sMKE9dvw3T.h.8Jn./mtQggCJl4O', NULL, NULL, NULL, NULL, NULL, NULL, NULL, '8f26f5ad9c301935d755cf5acfd1eccf67587ece19adadca7e0d17064471a1e6', 0, NULL, '2024-07-24 23:29:23', '2024-07-24 23:29:23'),
(19, 'Mama Lerios', 'mama@gmail.com', '$2y$10$FafdBcQvr.ePGObjYuRCqu11JYvuox74ck5tfZPpnKNGoEujPXiKG', NULL, NULL, NULL, NULL, NULL, NULL, NULL, '1370ff9b4b35552099ffb4f0c045a60acb06c946b55aaf629be5880d2ce37aaa', 1, NULL, '2024-08-03 07:27:40', '2024-08-03 07:28:24');

-- --------------------------------------------------------

--
-- Table structure for table `failed_jobs`
--

CREATE TABLE `failed_jobs` (
  `id` bigint(20) UNSIGNED NOT NULL,
  `uuid` varchar(255) NOT NULL,
  `connection` text NOT NULL,
  `queue` text NOT NULL,
  `payload` longtext NOT NULL,
  `exception` longtext NOT NULL,
  `failed_at` timestamp NOT NULL DEFAULT current_timestamp()
) ENGINE=InnoDB DEFAULT CHARSET=utf8mb4 COLLATE=utf8mb4_unicode_ci;

-- --------------------------------------------------------

--
-- Table structure for table `faqs`
--

CREATE TABLE `faqs` (
  `id` bigint(20) UNSIGNED NOT NULL,
  `question` text NOT NULL,
  `answer` text NOT NULL,
  `remark` text DEFAULT NULL,
  `created_at` timestamp NULL DEFAULT NULL,
  `updated_at` timestamp NULL DEFAULT NULL
) ENGINE=InnoDB DEFAULT CHARSET=utf8mb4 COLLATE=utf8mb4_unicode_ci;

--
-- Dumping data for table `faqs`
--

INSERT INTO `faqs` (`id`, `question`, `answer`, `remark`, `created_at`, `updated_at`) VALUES
(1, 'What is your website all about?', 'Labason Safe Haven is a website that lets you book hotel rooms, boarding house or apartment in an effortless way.', 'active', '2024-04-10 04:10:34', '2024-04-10 04:10:34'),
(2, 'What is Labason known for?', '<p>&nbsp;Labason is known for its fresh and vibrant community, beautiful beaches and sceneries, and a variety of accommodations including hotels, boarding houses, and apartments.</p><div><br></div>', 'active', '2024-06-02 02:02:10', '2024-06-02 02:02:10'),
(3, 'What types of accommodations are available in Labason?', '<p>Labason offers a range of accommodations including hotels, boarding houses, and apartments to suit different preferences and budgets.</p><div><br></div>', 'active', '2024-06-02 02:03:25', '2024-06-02 02:03:25'),
(4, 'How do I choose the right type of accommodation?', '<p>The choice depends on your needs and preferences. Hotels are ideal for short stays with more amenities, boarding houses offer a home-like environment suitable for longer stays, and apartments are great for those seeking more space and privacy.</p><p><br></p>', 'active', '2024-06-02 02:03:51', '2024-06-02 02:03:51'),
(5, 'How can I make a reservation?', '<p>You can make a reservation through our website by selecting your preferred accommodation type and following the booking process. For any assistance, you can contact our customer support.<br></p>', 'active', '2024-06-02 02:04:17', '2024-06-02 02:04:17'),
(6, 'What are the payment options available?', '<p>We accept payment methods using GCash and Pay Maya.<br></p>', 'active', '2024-06-02 02:04:43', '2024-06-02 02:04:43'),
(7, 'What are the check-in and check-out times?', '<p>&nbsp;Check-in and check-out time only depends on what date you want to check-in or check-out in a specific accommodation, and this will be shown to the booking process. If your booking process is successfully completed there will be a message sent through the e-mail account you registered.</p><div><br></div>', 'active', '2024-06-02 02:06:30', '2024-06-02 02:06:30'),
(8, 'What do I need to bring for check-in?', '<p>Please bring a valid ID and your booking confirmation or the receipt. If you have any special requirements, kindly inform us in advance.</p><div><br></div>', 'active', '2024-06-02 02:07:06', '2024-06-02 02:07:06'),
(9, 'What amenities are provided in the accommodations?', '<p>Our accommodations offer a range of amenities including free Wi-Fi, air conditioning, room service, and more. Specific amenities may vary depending on the accommodation type.</p><div><br></div>', 'active', '2024-06-02 02:07:27', '2024-06-02 02:07:27'),
(10, 'Is there parking available?', '<p>Yes, parking is available at most of our accommodations. Please check the specific accommodation details for more information.</p><p><br></p>', 'active', '2024-06-02 02:07:48', '2024-06-02 02:07:48'),
(11, 'What is the cancellation policy?', '<p>Our cancellation policy varies depending on the accommodation type and booking terms. Please refer to the specific terms and conditions at the time of booking.</p><div><br></div>', 'active', '2024-06-02 02:08:16', '2024-06-02 02:08:16'),
(12, 'How do I request a refund?', '<p>If eligible, you can request a refund by contacting our customer support. Refunds are processed according to our cancellation policy.</p><p><br></p>', 'active', '2024-06-02 02:08:38', '2024-06-02 02:08:38'),
(13, 'How can I contact customer support?', '<p>You can reach our customer support through the contact form on our website, by email, or by phone. Our support team is available to assist you with any queries or issues.<br></p>', 'active', '2024-06-02 02:08:59', '2024-06-02 02:08:59'),
(14, 'Sample Question', '<p>Sample Answer</p>', 'deleted', '2024-06-12 22:59:22', '2024-06-12 22:59:33');

-- --------------------------------------------------------

--
-- Table structure for table `features`
--

CREATE TABLE `features` (
  `id` bigint(20) UNSIGNED NOT NULL,
  `icon` text NOT NULL,
  `heading` text NOT NULL,
  `text` text DEFAULT NULL,
  `remark` text DEFAULT NULL,
  `created_at` timestamp NULL DEFAULT NULL,
  `updated_at` timestamp NULL DEFAULT NULL
) ENGINE=InnoDB DEFAULT CHARSET=utf8mb4 COLLATE=utf8mb4_unicode_ci;

--
-- Dumping data for table `features`
--

INSERT INTO `features` (`id`, `icon`, `heading`, `text`, `remark`, `created_at`, `updated_at`) VALUES
(1, 'fa fa-bell', 'Personalized Hospitality', 'Elevate your comfort with our personalized service designed for your satisfaction', 'active', '2024-04-03 21:01:02', '2024-06-12 22:48:40'),
(2, 'fa fa-check', 'Instant Confirmation', 'Experience peace of mind with quick confirmations for your bookings', 'active', '2024-04-03 21:05:15', '2024-04-03 21:05:15'),
(3, 'fa fa-lock', 'Secure Payment', 'Ensure safe and stress-free stays with our secure payment system', 'active', '2024-04-03 21:06:33', '2024-04-03 21:06:33'),
(4, 'fa fa-tag', 'Best Price Guarantee', 'Book confidently knowing you\'ll always get the best deal with us', 'active', '2024-04-03 21:07:19', '2024-04-03 21:07:19');

-- --------------------------------------------------------

--
-- Table structure for table `migrations`
--

CREATE TABLE `migrations` (
  `id` int(10) UNSIGNED NOT NULL,
  `migration` varchar(255) NOT NULL,
  `batch` int(11) NOT NULL
) ENGINE=InnoDB DEFAULT CHARSET=utf8mb4 COLLATE=utf8mb4_unicode_ci;

--
-- Dumping data for table `migrations`
--

INSERT INTO `migrations` (`id`, `migration`, `batch`) VALUES
(1, '2014_10_12_000000_create_users_table', 1),
(2, '2014_10_12_100000_create_password_resets_table', 1),
(3, '2019_08_19_000000_create_failed_jobs_table', 1),
(4, '2019_12_14_000001_create_personal_access_tokens_table', 1),
(5, '2024_03_17_065004_create_admins_table', 1),
(6, '2024_03_20_023049_create_slides_table', 1),
(7, '2024_03_21_063400_create_features_table', 1),
(8, '2024_03_21_075233_create_testimonials_table', 1),
(9, '2024_03_21_113515_create_posts_table', 1),
(10, '2024_03_22_032923_create_photos_table', 1),
(11, '2024_03_22_052339_create_videos_table', 1),
(12, '2024_03_22_233242_create_faqs_table', 1),
(13, '2024_03_23_032217_create_pages_table', 1),
(14, '2024_03_25_030209_create_subscribers_table', 1),
(15, '2024_03_26_065528_create_amenities_table', 1),
(16, '2024_03_26_122137_create_room_photos_table', 1),
(17, '2024_03_27_093340_create_customers_table', 1),
(18, '2024_04_01_045228_create_settings_table', 1),
(19, '2024_04_02_230623_create_accommodation_types_table', 1),
(20, '2024_04_02_230351_create_accommodations_table', 2),
(21, '2024_03_26_115357_create_rooms_table', 3),
(22, '2024_03_30_011609_create_orders_table', 4),
(23, '2024_03_30_011652_create_order_details_table', 5),
(24, '2024_04_01_023404_create_booked_rooms_table', 6),
(25, '2024_04_11_131657_create_accommodation_rates_table', 7),
(26, '2024_05_14_081225_create_payment_table', 7);

-- --------------------------------------------------------

--
-- Table structure for table `orders`
--

CREATE TABLE `orders` (
  `id` bigint(20) UNSIGNED NOT NULL,
  `customer_id` int(11) NOT NULL,
  `order_no` text NOT NULL,
  `transaction_id` text NOT NULL,
  `accommodation_id` text DEFAULT NULL,
  `payment_method` text NOT NULL,
  `card_last_digit` text DEFAULT NULL,
  `paid_amount` text NOT NULL,
  `booking_date` text NOT NULL,
  `status` text NOT NULL,
  `remark` text DEFAULT NULL,
  `created_at` timestamp NULL DEFAULT NULL,
  `updated_at` timestamp NULL DEFAULT NULL
) ENGINE=InnoDB DEFAULT CHARSET=utf8mb4 COLLATE=utf8mb4_unicode_ci;

--
-- Dumping data for table `orders`
--

INSERT INTO `orders` (`id`, `customer_id`, `order_no`, `transaction_id`, `accommodation_id`, `payment_method`, `card_last_digit`, `paid_amount`, `booking_date`, `status`, `remark`, `created_at`, `updated_at`) VALUES
(1, 4, '1715730978', '89679876854', '', 'Maya', '', '6000', '14/05/2024', 'Completed', 'active', '2024-05-14 15:56:18', '2024-05-15 05:52:12'),
(2, 4, '1715739132', '2391769329', '', 'Gcash', '', '350', '15/05/2024', 'Completed', 'active', '2024-05-14 18:12:12', '2024-05-15 06:24:13'),
(3, 4, '1715784259', '098789756-09463', '', 'Gcash', '', '400', '15/05/2024', 'Pending', 'active', '2024-05-15 06:44:19', '2024-05-15 06:44:19'),
(4, 8, '1715840819', '778996218572', '', 'Gcash', '', '80', '16/05/2024', 'Completed', 'active', '2024-05-15 22:26:59', '2024-05-15 22:28:40'),
(5, 9, '1715841756', '8569546', '', 'Gcash', '', '1800', '16/05/2024', 'Completed', 'active', '2024-05-15 22:42:36', '2024-05-15 22:45:08'),
(6, 8, '1715842717', '86290192', '', 'Gcash', '', '1350', '16/05/2024', 'Completed', 'active', '2024-05-15 22:58:37', '2024-05-15 23:00:11'),
(7, 11, '1715843707', '455566', '', 'Gcash', '', '66.666666666667', '16/05/2024', 'Pending', 'active', '2024-05-15 23:15:07', '2024-05-15 23:15:07'),
(8, 11, '1715843948', '34675667', '', 'Gcash', '', '900', '16/05/2024', 'Completed', 'active', '2024-05-15 23:19:08', '2024-05-15 23:20:05'),
(9, 4, '1716126303', '234562133', '', 'Gcash', '', '133.33333333333', '19/05/2024', 'Completed', 'active', '2024-05-19 05:45:03', '2024-05-19 05:46:01'),
(10, 4, '1716127825', '9980678', '', 'Gcash', '', '450', '19/05/2024', 'Pending', 'active', '2024-05-19 06:10:25', '2024-05-19 06:10:25'),
(11, 4, '1716789042', '88394923434', '', 'Gcash', '', '133.33333333333', '27/05/2024', 'Completed', 'active', '2024-05-26 21:50:42', '2024-05-26 21:52:34'),
(12, 4, '1716900175', '967846769', '', 'Gcash', '', '80', '28/05/2024', 'Completed', 'active', '2024-05-28 04:42:55', '2024-05-28 04:48:27'),
(13, 4, '1716990049', '678980909-', '', 'Gcash', '', '160', '29/05/2024', 'Pending', 'active', '2024-05-29 05:40:49', '2024-05-29 05:40:49'),
(14, 12, '1717030648', '3469505734', '', 'Gcash', '', '200', '30/05/2024', 'Completed', 'active', '2024-05-29 16:57:28', '2024-05-29 17:04:04'),
(15, 12, '1717032498', '437864923', '', 'Gcash', '', '66.666666666667', '30/05/2024', 'Pending', 'active', '2024-05-29 17:28:18', '2024-05-29 17:28:18'),
(16, 4, '1717246879', '8798975764e6423', '', 'Maya', '', '6000', '01/06/2024', 'Pending', 'active', '2024-06-01 05:01:19', '2024-06-01 05:01:19'),
(17, 12, '1717322083', '346232 980', '', 'Maya', '', '1200', '02/06/2024', 'Pending', 'active', '2024-06-02 01:54:43', '2024-06-02 01:54:43'),
(18, 12, '1717331504', '143789645', '', 'Gcash', '', '83.333333333333', '02/06/2024', 'Completed', 'active', '2024-06-02 04:31:44', '2024-06-02 04:32:45'),
(19, 13, '1720317683', '92739 2311', NULL, 'Gcash', '', '1343.3333333333', '07/07/2024', 'Completed', 'active', '2024-07-06 18:01:23', '2024-07-06 18:02:22'),
(20, 13, '1720318845', '135678996', NULL, 'Gcash', '', '166.66666666667', '07/07/2024', 'Completed', 'active', '2024-07-06 18:20:45', '2024-07-06 18:21:52'),
(21, 14, '1721653740', '38294922', NULL, 'Gcash', '', '2066.6666666667', '22/07/2024', 'Pending', 'active', '2024-07-22 05:09:00', '2024-07-22 05:09:00'),
(22, 14, '1721653776', '38294922', NULL, 'Gcash', '', '2066.6666666667', '22/07/2024', 'Pending', 'active', '2024-07-22 05:09:36', '2024-07-22 05:09:36'),
(24, 14, '1721777159', '88087897', NULL, 'Gcash', '', '933.33333333333', '23/07/2024', 'Pending', 'active', '2024-07-23 15:25:59', '2024-07-23 15:25:59'),
(25, 15, '1721885145', '82369203', NULL, 'Gcash', '', '2600', '25/07/2024', 'Completed', 'active', '2024-07-24 21:25:45', '2024-07-24 21:26:17'),
(26, 15, '1721892878', '2847429182', NULL, 'Gcash', '', '400', '25/07/2024', 'Pending', 'active', '2024-07-24 23:34:38', '2024-07-24 23:34:38'),
(27, 15, '1721892960', '2847429', NULL, 'Gcash', '', '400', '25/07/2024', 'Pending', 'active', '2024-07-24 23:36:00', '2024-07-24 23:36:00'),
(28, 15, '1721961821', '93717683', NULL, 'Gcash', '', '933.33333333333', '26/07/2024', 'Completed', 'active', '2024-07-25 18:43:41', '2024-07-25 18:58:06'),
(29, 15, '1722084471', '97957645', NULL, 'Gcash', '', '200', '27/07/2024', 'Completed', 'active', '2024-07-27 04:47:51', '2024-07-27 04:50:10'),
(30, 15, '1722660919', '97656745', NULL, 'Gcash', '', '1213.3333333333', '03/08/2024', 'Pending', 'active', '2024-08-02 20:55:19', '2024-08-02 20:55:19'),
(31, 15, '1722662847', '86560008', NULL, 'Gcash', '', '933.33333333333', '03/08/2024', 'Pending', 'active', '2024-08-02 21:27:27', '2024-08-02 21:27:27'),
(32, 15, '1722697969', '9237927632', NULL, 'Maya', '', '200', '03/08/2024', 'Pending', 'active', '2024-08-03 07:12:49', '2024-08-03 07:12:49'),
(33, 19, '1722699225', '98479323', NULL, 'Gcash', '', '1400', '03/08/2024', 'Pending', 'active', '2024-08-03 07:33:45', '2024-08-03 07:33:45');

-- --------------------------------------------------------

--
-- Table structure for table `order_details`
--

CREATE TABLE `order_details` (
  `id` bigint(20) UNSIGNED NOT NULL,
  `order_id` int(11) NOT NULL,
  `room_id` int(11) NOT NULL,
  `order_no` int(11) NOT NULL,
  `checkin_date` text NOT NULL,
  `checkout_date` text NOT NULL,
  `adult` text NOT NULL,
  `children` text NOT NULL,
  `subtotal` text NOT NULL,
  `remark` text DEFAULT NULL,
  `created_at` timestamp NULL DEFAULT NULL,
  `updated_at` timestamp NULL DEFAULT NULL
) ENGINE=InnoDB DEFAULT CHARSET=utf8mb4 COLLATE=utf8mb4_unicode_ci;

--
-- Dumping data for table `order_details`
--

INSERT INTO `order_details` (`id`, `order_id`, `room_id`, `order_no`, `checkin_date`, `checkout_date`, `adult`, `children`, `subtotal`, `remark`, `created_at`, `updated_at`) VALUES
(1, 1, 4, 1715730978, '20/05/2024', '25/05/2024', '2', '0', '200', 'active', '2024-05-14 15:56:18', '2024-05-14 15:56:18'),
(2, 2, 2, 1715739132, '23/05/2024', '24/05/2024', '1', '0', '350', 'active', '2024-05-14 18:12:12', '2024-05-14 18:12:12'),
(3, 3, 3, 1715784259, '17/06/2024', '29/06/2024', '2', '0', '400', 'active', '2024-05-15 06:44:19', '2024-05-15 06:44:19'),
(4, 4, 4, 1715840819, '14/06/2024', '16/06/2024', '1', '0', '80', 'active', '2024-05-15 22:26:59', '2024-05-15 22:26:59'),
(5, 5, 1, 1715841756, '21/05/2024', '25/05/2024', '1', '0', '1800', 'active', '2024-05-15 22:42:36', '2024-05-15 22:42:36'),
(6, 6, 1, 1715842717, '27/06/2024', '30/06/2024', '1', '1', '1350', 'active', '2024-05-15 22:58:37', '2024-05-15 22:58:37'),
(7, 8, 1, 1715843948, '21/05/2024', '23/05/2024', '1', '0', '900', 'active', '2024-05-15 23:19:08', '2024-05-15 23:19:08'),
(8, 9, 3, 1716126303, '27/05/2024', '31/05/2024', '1', '0', '133.33333333333', 'active', '2024-05-19 05:45:03', '2024-05-19 05:45:03'),
(9, 10, 1, 1716127825, '30/05/2024', '31/05/2024', '1', '0', '450', 'active', '2024-05-19 06:10:25', '2024-05-19 06:10:25'),
(10, 11, 3, 1716789042, '01/06/2024', '05/06/2024', '1', '0', '133.33333333333', 'active', '2024-05-26 21:50:42', '2024-05-26 21:50:42'),
(11, 12, 4, 1716900175, '30/05/2024', '01/06/2024', '1', '0', '80', 'active', '2024-05-28 04:42:55', '2024-05-28 04:42:55'),
(12, 13, 4, 1716990049, '09/06/2024', '13/06/2024', '1', '0', '160', 'active', '2024-05-29 05:40:49', '2024-05-29 05:40:49'),
(13, 14, 4, 1717030648, '20/06/2024', '25/06/2024', '1', '0', '200', 'active', '2024-05-29 16:57:28', '2024-05-29 16:57:28'),
(14, 15, 3, 1717032498, '08/06/2024', '10/06/2024', '1', '0', '66.666666666667', 'active', '2024-05-29 17:28:18', '2024-05-29 17:28:18'),
(15, 16, 7, 1717246879, '14/06/2024', '29/06/2024', '2', '0', '6000', 'active', '2024-06-01 05:01:19', '2024-06-01 05:01:19'),
(16, 17, 7, 1717322083, '11/06/2024', '14/06/2024', '2', '0', '1200', 'active', '2024-06-02 01:54:43', '2024-06-02 01:54:43'),
(17, 18, 9, 1717331504, '10/06/2024', '11/06/2024', '1', '0', '83.333333333333', 'active', '2024-06-02 04:31:44', '2024-06-02 04:31:44'),
(18, 19, 12, 1720317683, '07/07/2024', '07/08/2024', '1', '0', '1343.3333333333', 'active', '2024-07-06 18:01:23', '2024-07-06 18:01:23'),
(19, 20, 13, 1720318845, '09/07/2024', '14/07/2024', '1', '0', '166.66666666667', 'active', '2024-07-06 18:20:45', '2024-07-06 18:20:45'),
(20, 21, 15, 1721653740, '23/07/2024', '23/08/2024', '1', '0', '2066.6666666667', 'active', '2024-07-22 05:09:00', '2024-07-22 05:09:00'),
(21, 24, 15, 1721777159, '04/09/2024', '18/09/2024', '1', '0', '933.33333333333', 'active', '2024-07-23 15:26:00', '2024-07-23 15:26:00'),
(22, 25, 18, 1721885145, '31/07/2024', '30/08/2024', '1', '0', '2600', 'active', '2024-07-24 21:25:45', '2024-07-24 21:25:45'),
(23, 26, 19, 1721892878, '09/08/2024', '15/08/2024', '1', '0', '400', 'active', '2024-07-24 23:34:38', '2024-07-24 23:34:38'),
(24, 27, 19, 1721892960, '09/08/2024', '15/08/2024', '1', '0', '400', 'active', '2024-07-24 23:36:00', '2024-07-24 23:36:00'),
(25, 28, 20, 1721961821, '01/08/2024', '15/08/2024', '1', '0', '933.33333333333', 'active', '2024-07-25 18:43:41', '2024-07-25 18:43:41'),
(26, 29, 20, 1722084471, '28/08/2024', '31/08/2024', '1', '0', '200', 'active', '2024-07-27 04:47:51', '2024-07-27 04:47:51'),
(27, 30, 18, 1722660919, '01/09/2024', '15/09/2024', '1', '0', '1213.3333333333', 'active', '2024-08-02 20:55:19', '2024-08-02 20:55:19'),
(28, 31, 20, 1722662847, '07/09/2024', '21/09/2024', '2', '0', '933.33333333333', 'active', '2024-08-02 21:27:27', '2024-08-02 21:27:27'),
(29, 32, 20, 1722697969, '30/09/2024', '03/10/2024', '1', '0', '200', 'active', '2024-08-03 07:12:49', '2024-08-03 07:12:49'),
(30, 33, 21, 1722699225, '07/09/2024', '08/09/2024', '1', '0', '1400', 'active', '2024-08-03 07:33:45', '2024-08-03 07:33:45');

-- --------------------------------------------------------

--
-- Table structure for table `pages`
--

CREATE TABLE `pages` (
  `id` bigint(20) UNSIGNED NOT NULL,
  `about_heading` text NOT NULL,
  `about_content` text NOT NULL,
  `about_status` int(11) NOT NULL,
  `terms_heading` text NOT NULL,
  `terms_content` text NOT NULL,
  `terms_status` int(11) NOT NULL,
  `privacy_heading` text NOT NULL,
  `privacy_content` text NOT NULL,
  `privacy_status` int(11) NOT NULL,
  `contact_heading` text NOT NULL,
  `contact_map` text DEFAULT NULL,
  `contact_status` int(11) NOT NULL,
  `photo_gallery_heading` text NOT NULL,
  `photo_gallery_status` int(11) NOT NULL,
  `video_gallery_heading` text NOT NULL,
  `video_gallery_status` int(11) NOT NULL,
  `faq_heading` text NOT NULL,
  `faq_status` int(11) NOT NULL,
  `blog_heading` text NOT NULL,
  `blog_status` int(11) NOT NULL,
  `cart_heading` text NOT NULL,
  `cart_status` int(11) NOT NULL,
  `checkout_heading` text NOT NULL,
  `checkout_status` int(11) NOT NULL,
  `payment_heading` text NOT NULL,
  `signup_heading` text NOT NULL,
  `signup_status` int(11) NOT NULL,
  `signin_heading` text NOT NULL,
  `signin_status` int(11) NOT NULL,
  `room_heading` text NOT NULL,
  `created_at` timestamp NULL DEFAULT NULL,
  `updated_at` timestamp NULL DEFAULT NULL
) ENGINE=InnoDB DEFAULT CHARSET=utf8mb4 COLLATE=utf8mb4_unicode_ci;

--
-- Dumping data for table `pages`
--

INSERT INTO `pages` (`id`, `about_heading`, `about_content`, `about_status`, `terms_heading`, `terms_content`, `terms_status`, `privacy_heading`, `privacy_content`, `privacy_status`, `contact_heading`, `contact_map`, `contact_status`, `photo_gallery_heading`, `photo_gallery_status`, `video_gallery_heading`, `video_gallery_status`, `faq_heading`, `faq_status`, `blog_heading`, `blog_status`, `cart_heading`, `cart_status`, `checkout_heading`, `checkout_status`, `payment_heading`, `signup_heading`, `signup_status`, `signin_heading`, `signin_status`, `room_heading`, `created_at`, `updated_at`) VALUES
(1, 'About', '<div style=\"text-align: justify; \"><b>&nbsp;Welcome to Labason Safe Haven!</b></div><div style=\"text-align: justify;\"><br></div><div style=\"text-align: justify;\">Labason Safe Haven is your premier destination for finding the perfect accommodation in Labason. Whether you\'re looking for a hotel, boarding house, or apartment, we have a wide range of options to suit your needs. Our mission is to provide you with comfortable, convenient, and affordable lodging in the heart of Labason.</div><div style=\"text-align: justify; \"><span style=\"font-family: &quot;Source Sans Pro&quot;, sans-serif;\"><br></span></div><div style=\"text-align: justify;\"><span style=\"font-family: &quot;Source Sans Pro&quot;, sans-serif;\"><b>Our Vision</b></span><br></div><div style=\"text-align: justify;\"><br></div><div style=\"text-align: justify;\">Our vision is to be the leading platform for accommodation in Labason, offering a seamless and enjoyable experience for our guests. We aim to showcase the beauty and charm of Labason by providing exceptional lodging options that cater to both short-term and long-term stays.</div><div style=\"text-align: justify;\"><br></div><div style=\"text-align: justify;\">&nbsp;<b>Our Services</b>\r\n<br class=\"Apple-interchange-newline\"></div><div style=\"text-align: justify;\"><span style=\"font-family: &quot;Source Sans Pro&quot;, sans-serif;\">&nbsp;</span></div><div style=\"text-align: justify;\"><span style=\"font-family: &quot;Source Sans Pro&quot;, sans-serif;\"><b> Hotels</b></span><br></div><div style=\"text-align: justify;\">We partner with the finest hotels in Labason to offer you luxury and comfort. From boutique hotels to larger establishments, our selection ensures you find the perfect fit for your stay.</div><div style=\"text-align: justify;\"><br></div><div style=\"text-align: justify;\"><b>&nbsp;Boarding Houses</b></div><div style=\"text-align: justify;\">For those seeking a homey and budget-friendly option, our boarding houses provide a welcoming atmosphere. Enjoy a comfortable stay with all the necessary amenities at an affordable price.</div><div style=\"text-align: justify;\"><br></div><div style=\"text-align: justify;\"><b>&nbsp;Apartments</b></div><div style=\"text-align: justify;\">Our apartments are ideal for longer stays, offering you the convenience and space of a home. Whether you\'re in town for business or leisure, our apartments provide a comfortable and private living space.</div><div style=\"text-align: justify;\"><br></div><div style=\"text-align: justify;\"><b>Why Choose Us?</b></div><div style=\"text-align: justify;\"><br></div><div style=\"text-align: justify;\">Wide Selection: We offer a diverse range of accommodation options to suit every need and budget.</div><div style=\"text-align: justify;\"><span style=\"font-family: &quot;Source Sans Pro&quot;, sans-serif;\">Quality Assurance: We carefully select our partners to ensure high standards of cleanliness, comfort, and service.</span></div><div style=\"text-align: justify;\">Local Expertise: As locals, we know Labason inside and out. We can recommend the best places to visit, eat, and explore.</div><div style=\"text-align: justify;\">Customer Support: Our friendly customer support team is always here to assist you with any queries or concerns.</div><div style=\"text-align: justify;\"><br></div><div style=\"text-align: justify;\"><b>&nbsp;</b></div>', 1, 'Terms and Conditions', 'Sample terms and conditions', 1, 'Privacy Policy', 'Sample privacy content', 1, 'Contact Us', '<iframe src=\"https://www.google.com/maps/embed?pb=!1m18!1m12!1m3!1d11336.594076201667!2d122.51473116792909!3d8.068854666791182!2m3!1f0!2f0!3f0!3m2!1i1024!2i768!4f13.1!3m3!1m2!1s0x3253c81d44ef583f%3A0xbc160eab2e77e43c!2sAntonino%20(Pob.)%2C%20Zamboanga%20del%20Norte!5e1!3m2!1sen!2sph!4v1712215884923!5m2!1sen!2sph\" width=\"600\" height=\"450\" style=\"border:0;\" allowfullscreen=\"\" loading=\"lazy\" referrerpolicy=\"no-referrer-when-downgrade\"></iframe>', 1, 'Photo Gallery', 1, 'Video Gallery', 1, 'FAQ', 1, 'Blogs', 1, 'Cart', 1, 'Checkout', 1, 'Payment', 'Register', 1, 'Login', 1, 'Rooms', NULL, '2024-06-02 02:11:50');

-- --------------------------------------------------------

--
-- Table structure for table `password_resets`
--

CREATE TABLE `password_resets` (
  `email` varchar(255) NOT NULL,
  `token` varchar(255) NOT NULL,
  `created_at` timestamp NULL DEFAULT NULL
) ENGINE=InnoDB DEFAULT CHARSET=utf8mb4 COLLATE=utf8mb4_unicode_ci;

-- --------------------------------------------------------

--
-- Table structure for table `payments`
--

CREATE TABLE `payments` (
  `id` bigint(20) UNSIGNED NOT NULL,
  `accommodation_id` text NOT NULL,
  `gcash_qr` varchar(255) NOT NULL,
  `gcash_name` varchar(255) NOT NULL,
  `gcash_number` varchar(255) NOT NULL,
  `maya_qr` varchar(255) NOT NULL,
  `maya_name` varchar(255) NOT NULL,
  `maya_number` varchar(255) NOT NULL,
  `created_at` timestamp NULL DEFAULT NULL,
  `updated_at` timestamp NULL DEFAULT NULL
) ENGINE=InnoDB DEFAULT CHARSET=utf8mb4 COLLATE=utf8mb4_unicode_ci;

--
-- Dumping data for table `payments`
--

INSERT INTO `payments` (`id`, `accommodation_id`, `gcash_qr`, `gcash_name`, `gcash_number`, `maya_qr`, `maya_name`, `maya_number`, `created_at`, `updated_at`) VALUES
(1, '', '1717032373.jpg', 'Celine D. Lerios', '09366840915', '1717032581.png', 'Momar F. Kiram', '09700773326', '0000-00-00 00:00:00', '2024-06-02 02:24:38'),
(2, '14', 'default_gcash_qr.png', 'Input your gcash name', 'ex. 09123456789', 'default_maya_qr.png', 'Input your maya name', 'ex. 09123456789', '2024-07-05 06:37:53', '2024-07-05 06:37:53'),
(3, '22', '1722697694.jpg', 'Rosal Jay Ocamia', '09123456789', '1722697694.png', 'Rosal Jay Ocamia', '09123456780', '2024-07-25 18:36:57', '2024-08-03 07:08:14'),
(4, '24', '1722699163.jpg', 'Bini Staku', '09279823792', '1722699163.png', 'Bini Staku', '09123456789', '2024-08-03 07:30:45', '2024-08-03 07:32:43');

-- --------------------------------------------------------

--
-- Table structure for table `personal_access_tokens`
--

CREATE TABLE `personal_access_tokens` (
  `id` bigint(20) UNSIGNED NOT NULL,
  `tokenable_type` varchar(255) NOT NULL,
  `tokenable_id` bigint(20) UNSIGNED NOT NULL,
  `name` varchar(255) NOT NULL,
  `token` varchar(64) NOT NULL,
  `abilities` text DEFAULT NULL,
  `last_used_at` timestamp NULL DEFAULT NULL,
  `created_at` timestamp NULL DEFAULT NULL,
  `updated_at` timestamp NULL DEFAULT NULL
) ENGINE=InnoDB DEFAULT CHARSET=utf8mb4 COLLATE=utf8mb4_unicode_ci;

-- --------------------------------------------------------

--
-- Table structure for table `photos`
--

CREATE TABLE `photos` (
  `id` bigint(20) UNSIGNED NOT NULL,
  `photo` text NOT NULL,
  `caption` text DEFAULT NULL,
  `remark` text DEFAULT NULL,
  `created_at` timestamp NULL DEFAULT NULL,
  `updated_at` timestamp NULL DEFAULT NULL
) ENGINE=InnoDB DEFAULT CHARSET=utf8mb4 COLLATE=utf8mb4_unicode_ci;

--
-- Dumping data for table `photos`
--

INSERT INTO `photos` (`id`, `photo`, `caption`, `remark`, `created_at`, `updated_at`) VALUES
(1, '1713877986.jpg', 'Boarding House', 'active', '2024-04-05 03:01:27', '2024-04-23 05:13:06'),
(2, '1713878008.jpg', 'Apartment', 'active', '2024-04-05 03:01:46', '2024-04-23 05:13:28'),
(3, '1712314940.jpg', 'Bayangan Hotel', 'active', '2024-04-05 03:02:20', '2024-04-05 03:03:05'),
(4, '1713878033.jpg', 'Luxurious Room', 'active', '2024-04-05 03:03:48', '2024-04-23 05:13:53'),
(5, '1713878053.jpg', 'Boarding House', 'active', '2024-04-05 03:25:13', '2024-04-23 05:14:13'),
(6, '1718261723.jpg', 'Sample Caption', 'deleted', '2024-06-12 22:55:23', '2024-06-12 22:55:33');

-- --------------------------------------------------------

--
-- Table structure for table `posts`
--

CREATE TABLE `posts` (
  `id` bigint(20) UNSIGNED NOT NULL,
  `photo` text NOT NULL,
  `heading` text NOT NULL,
  `short_content` text NOT NULL,
  `content` text NOT NULL,
  `total_view` int(11) NOT NULL,
  `remark` text DEFAULT NULL,
  `created_at` timestamp NULL DEFAULT NULL,
  `updated_at` timestamp NULL DEFAULT NULL
) ENGINE=InnoDB DEFAULT CHARSET=utf8mb4 COLLATE=utf8mb4_unicode_ci;

--
-- Dumping data for table `posts`
--

INSERT INTO `posts` (`id`, `photo`, `heading`, `short_content`, `content`, `total_view`, `remark`, `created_at`, `updated_at`) VALUES
(1, '1717374685.jpg', 'Essential Travel Packing Tips: Pack Smarter, Travel Lighter: Your Guide to Stress-Free Packing', 'Discover top tips and tricks to pack efficiently for your next adventure and travel stress-free.', '<p>Packing efficiently for a trip can be a daunting task, but with the right strategies, you can streamline the process and ensure you have everything you need while traveling light. In this article, we\'ll explore essential travel packing tips to help you pack smarter and travel lighter on your next adventure.</p><p><b>1. Make a Packing List:</b>\r\n<br class=\"Apple-interchange-newline\"></p><p>Before you start packing, make a list of essential items you\'ll need for your trip. This will help you stay organized and avoid forgetting important items. Divide your list into categories such as clothing, toiletries, electronics, and documents to ensure you don\'t overlook anything.</p><p><b>2. Choose Versatile Clothing:</b></p><p>When selecting clothing for your trip, opt for versatile pieces that can be mixed and matched to create multiple outfits. Choose neutral colors and fabrics that are lightweight, breathable, and wrinkle-resistant. Consider the climate and activities you\'ll be participating in to determine the appropriate clothing items to pack.</p><p><b>3. Roll Your Clothes:</b></p><p>Maximize space in your suitcase by rolling your clothes instead of folding them. Rolling your clothes not only saves space but also helps prevent wrinkles and creases. Start with heavier items like jeans and sweaters at the bottom of your suitcase and roll lighter items like t-shirts and underwear on top.</p><p><b>4. Use Packing Cubes:</b></p><p>Invest in packing cubes to keep your clothing and accessories organized and easy to find. Packing cubes come in various sizes and colors and are designed to fit neatly inside your suitcase. Use different cubes for different types of clothing or organize them by outfit to make unpacking a breeze.</p><p><b>5. Pack Light:</b></p><p>When it comes to packing, less is more. Try to pack only the essentials and leave behind items you can live without. Consider your destination and the amenities available, such as laundry facilities, to determine how many clothing items you\'ll need. Remember, you can always buy things you need while traveling.</p><p><b>6. Layer Your Clothing:</b></p><p>Layering is key to staying comfortable and adapting to changing weather conditions while traveling. Pack lightweight layers that can be easily added or removed as needed, such as t-shirts, sweaters, and jackets. Choose fabrics that are moisture-wicking and quick-drying for maximum versatility.</p><p><b>7. Pack Multi-Purpose Items:</b></p><p>Save space in your suitcase by packing multi-purpose items that serve multiple functions. For example, a sarong can double as a beach towel, a picnic blanket, or a scarf, while a lightweight scarf can be used as a wrap, a headscarf, or a makeshift bag.</p><p><b>8. Minimize Toiletries:</b></p><p>Pack travel-sized toiletries to save space in your luggage and comply with TSA regulations. Look for mini versions of your favorite products or invest in reusable travel containers to transfer your toiletries into. Consider purchasing toiletries like shampoo, conditioner, and sunscreen at your destination to save space and weight in your luggage.</p><p><b>9. Leave Room for Souvenirs:</b></p><p>Leave some empty space in your suitcase for souvenirs and gifts you may acquire during your trip. Consider packing a collapsible bag or duffel for extra storage or purchasing a lightweight suitcase with expandable compartments. Remember to check baggage allowances and weight restrictions for both outbound and return flights to avoid excess baggage fees.</p><p><b>10. Pack Essential Documents:</b></p><p>Finally, don\'t forget to pack essential documents such as your passport, visa, travel insurance, and itinerary. Keep these documents organized and easily accessible in a waterproof travel wallet or pouch. Consider making photocopies or digital scans of important documents and storing them securely online or in a separate location in case of loss or theft.</p><p>By following these packing tips, you can pack smarter, travel lighter, and enjoy a stress-free journey to your destination. Bon voyage!</p>', 7, 'active', '2024-04-03 21:28:06', '2024-06-02 16:31:25'),
(2, '1717374771.jpg', 'Top 10 Must-Have Travel Accessories: Essential Gear for Your Journey', 'Explore essential travel accessories that can make your journey more comfortable and enjoyable.', '<p>When preparing for a trip, having the right travel accessories can make all the difference in enhancing your travel experience. In this article, we\'ll explore the top 10 must-have travel accessories that you should consider packing for your next adventure.</p><p><b>1. Travel Pillow:</b></p><p>A comfortable travel pillow can provide much-needed support and help you get some rest during long flights or bus rides.</p><p><b>2. Portable Charger:</b></p><p>Keep your devices powered up on the go with a portable charger. This handy accessory ensures you never run out of battery while traveling.</p><p><b>3. Travel Adapter:</b></p><p>A universal travel adapter allows you to charge your devices in any country, making it essential for international travel.</p><p><b>4. Noise-Canceling Headphones:</b></p><p>Block out unwanted noise and enjoy your favorite music or podcasts with noise-canceling headphones. Perfect for long flights or noisy environments.</p><p><b>5. Travel Wallet:</b></p><p>Keep your passport, boarding passes, and important documents organized and secure with a dedicated travel wallet.</p><p><b>6. Reusable Water Bottle:</b></p><p>Stay hydrated while traveling with a reusable water bottle. Many airports and tourist attractions have water refill stations, allowing you to avoid single-use plastic bottles.</p><p><b>7. Packing Cubes:</b></p><p>Keep your clothing and accessories organized and easy to find with packing cubes. These handy organizers make packing and unpacking a breeze.</p><p><b>8. Lightweight Backpack:</b></p><p>A lightweight backpack is perfect for day trips and excursions, allowing you to carry your essentials comfortably while exploring.</p><p><b>9. Travel-Sized Toiletries:</b></p><p>Pack travel-sized toiletries to save space in your luggage and comply with TSA regulations. Look for mini versions of your favorite products or invest in reusable travel containers.</p><p><b>10. Luggage Locks:</b></p><p>Keep your belongings safe and secure with luggage locks. Choose TSA-approved locks for hassle-free security checks at airports.</p><p>By packing these essential travel accessories, you can ensure you\'re prepared for any adventure and make the most of your travel experience.</p>', 8, 'active', '2024-04-03 22:37:04', '2024-06-02 16:32:51'),
(3, '1717374785.jpg', 'Global Gastronomy: 5 Culinary Adventures for Solo Foodies: Savor the World\'s Flavors', 'Dive into a world of flavors with these 5 culinary adventures, perfect for solo travelers passionate about food.', '<p>For solo travelers who are passionate about exploring different cuisines and culinary traditions, the world is a treasure trove of gastronomic delights waiting to be discovered. In this article, we\'ll explore 5 culinary experiences that promise solo foodies unforgettable tastes and flavors from around the globe.</p><p><br></p><p><b>1. Street Food Safari:</b></p><p>Embarking on a street food safari is like diving headfirst into the heart of a destination\'s culinary culture. Wander through bustling street markets, where the air is thick with the aromas of sizzling meats, aromatic spices, and freshly baked goods. Sample a variety of dishes from local vendors and food stalls, from piping hot dumplings and crispy spring rolls to sweet treats like freshly made crepes and exotic fruit skewers. Street food markets are not only a feast for the senses but also a window into the daily lives of locals, where you can mingle with street vendors and fellow food enthusiasts alike.</p><p><br></p><p><b>2. Cooking Class Adventure:</b></p><p>A cooking class adventure offers solo travelers the opportunity to roll up their sleeves and get hands-on in the kitchen. Whether it\'s mastering the art of making handmade pasta in Italy, whipping up spicy curries in Thailand, or learning the secrets of sushi-making in Japan, cooking classes provide an immersive culinary experience like no other. Led by expert chefs and local cooks, these classes delve deep into the traditional techniques, ingredients, and flavors of a destination\'s cuisine. Not only do cooking classes offer solo travelers the chance to learn new skills and recipes, but they also provide a unique insight into the cultural heritage and culinary traditions of a region.</p><p><br></p><p><b>3. Market Exploration:</b></p><p>Exploring bustling markets is a sensory adventure that solo travelers won\'t want to miss. From sprawling outdoor bazaars to historic indoor markets, these vibrant hubs of activity are a treasure trove of fresh produce, spices, and artisanal products unique to each destination. Wander through stalls piled high with colorful fruits and vegetables, inhale the intoxicating scents of exotic spices and herbs, and browse handcrafted goods and souvenirs made by local artisans. Whether you\'re bargaining for the freshest seafood, sampling street snacks, or simply soaking up the bustling atmosphere, market exploration offers solo travelers an authentic taste of local life and culture.</p><p><br></p><p><b>4. Food Tour Feast:</b></p><p>Joining a food tour is the perfect way for solo travelers to discover the culinary secrets of a destination with the guidance of local experts. Led by knowledgeable guides, food tours take you on a gastronomic journey through the streets and neighborhoods of a city, where you\'ll sample an array of dishes from hidden gems and local eateries. From savory street food to sweet treats, each stop offers a tantalizing taste of the region\'s culinary scene, accompanied by fascinating stories and insights into the history and culture behind the food. Whether you\'re exploring bustling night markets, historic food districts, or off-the-beaten-path neighborhoods, a food tour feast promises solo travelers an unforgettable culinary adventure filled with flavors, aromas, and discoveries.</p><p><br></p><p><b>5. Dining Solo:</b></p><p>Dining solo is a liberating experience that allows solo travelers to indulge their culinary cravings on their own terms. Whether you\'re sampling street food from a bustling market stall, enjoying a leisurely meal at a cozy cafe, or dining at a fine-dining restaurant, solo dining offers the freedom to explore a destination\'s culinary scene at your own pace. Solo travelers can savor each bite, engage with locals and fellow diners, and soak up the ambiance of their surroundings without the pressure of keeping up with group dynamics. Whether you\'re a seasoned solo traveler or embarking on your first solo adventure, dining solo offers a chance to connect with the flavors of a destination and create memorable culinary experiences that will last a lifetime.</p><p><br></p><p>For solo travelers with a love for food and adventure, these 5 culinary experiences offer a tantalizing glimpse into the diverse flavors and cuisines of the world. From street food safaris to cooking class adventures, market explorations, food tour feasts, and dining solo, each experience promises unforgettable tastes and discoveries that will delight the senses and nourish the soul. Embark on a solo culinary journey and taste your way through the rich tapestry of global gastronomy, one delicious bite at a time.</p>', 9, 'active', '2024-04-03 22:45:26', '2024-06-12 22:01:17');

-- --------------------------------------------------------

--
-- Table structure for table `rooms`
--

CREATE TABLE `rooms` (
  `id` bigint(20) UNSIGNED NOT NULL,
  `accommodation_id` bigint(20) UNSIGNED NOT NULL,
  `room_name` text NOT NULL,
  `description` text NOT NULL,
  `price` text NOT NULL,
  `total_rooms` text NOT NULL,
  `amenities` text DEFAULT NULL,
  `size` text DEFAULT NULL,
  `total_beds` text DEFAULT NULL,
  `total_bathrooms` text DEFAULT NULL,
  `total_balconies` text DEFAULT NULL,
  `total_guests` text DEFAULT NULL,
  `featured_photo` text NOT NULL,
  `video_id` text DEFAULT NULL,
  `remark` text DEFAULT NULL,
  `status` text DEFAULT NULL,
  `created_at` timestamp NULL DEFAULT NULL,
  `updated_at` timestamp NULL DEFAULT NULL
) ENGINE=InnoDB DEFAULT CHARSET=utf8mb4 COLLATE=utf8mb4_unicode_ci;

--
-- Dumping data for table `rooms`
--

INSERT INTO `rooms` (`id`, `accommodation_id`, `room_name`, `description`, `price`, `total_rooms`, `amenities`, `size`, `total_beds`, `total_bathrooms`, `total_balconies`, `total_guests`, `featured_photo`, `video_id`, `remark`, `status`, `created_at`, `updated_at`) VALUES
(1, 1, 'Standard Room', '<p>This is a description for a standard room</p>', '450', '2', '1,2,3,4,5,6,7,8', '60', '1', '1', '1', '2', '1712264174.jpg', 'qemqQHaeCYo', 'active', 'published', '2024-04-04 12:56:14', '2024-04-04 13:06:33'),
(3, 3, 'Room C', '<p>This is a description.</p>', '1000', '1', '2,3,4,5,6', '50 sq. meters', '1', '1', '0', '1', '1713950678.jpg', NULL, 'active', 'published', '2024-04-24 01:24:38', '2024-04-24 01:24:38'),
(4, 5, 'Room 012', '<p>This is a description.</p>', '1200', '1', '1,2,21', '50 sq. meters', '1', '1', '0', '0', '1714713154.jpg', NULL, 'active', 'pending', '2024-05-02 21:12:34', '2024-05-02 21:12:34'),
(5, 6, 'Room A', '<p>gwapa</p>', '260', '3', '8,21,24', '3 sq meter', '2', '2', '1', '1', '1715088176.jpg', NULL, 'active', 'published', '2024-05-07 05:22:56', '2024-05-07 05:22:56'),
(6, 8, 'Room 3', '<p><b><br></b></p><p><b>Experience the ultimate comfort and luxury in our Deluxe King Room, designed to provide a relaxing retreat for both leisure and business travelers. The spacious room features elegant furnishings and a plush king-sized bed fitted with premium linens and pillows for a restful night\'s sleep. Step out onto your private balcony to take in stunning views of the cityscape or serene garden. The luxurious ensuite bathroom is complete with a rain shower, deep soaking tub, and complimentary toiletries. A well-lit work desk with high-speed internet access is perfect for business travelers, while a flat-screen TV offering a variety of international channels and an in-room sound system provide ample entertainment. Refresh yourself with a selection of beverages and snacks from the fully stocked mini-bar, and stay comfortable with individually controlled air conditioning. Additional amenities include complimentary high-speed Wi-Fi, an in-room safe, coffee and tea making facilities, 24-hour room service, and daily housekeeping. Whether you\'re visiting for a weekend getaway or an extended stay, our Deluxe King Room offers the perfect blend of comfort, style, and convenience. Book now to experience unparalleled hospitality in the heart.</b></p>', '1300', '7', '1,2,3,4,8,13,15', '60 sq. meters', '2', '1', '0', '0', '1717029956.jpg', NULL, 'active', 'published', '2024-05-29 16:45:56', '2024-05-29 16:45:56'),
(8, 6, 'Room Apt 01', '<p>This is a short description for the apartment room 1</p>', '3500', '1', '8,9,15,16,20,21,24', '50', '2', '1', '0', '3', '1717248460.jpg', '7utgy568', 'active', 'published', '2024-06-01 05:27:40', '2024-06-01 05:32:09'),
(9, 10, 'Room Bh 4', '<p>This is a sample description.</p>', '2000', '1', '8,19,21,22', '40 sq. meters', '1', '1', '0', '0', '1717323427.jpg', 'videoid here', 'active', 'published', '2024-06-02 02:17:07', '2024-07-03 18:01:13'),
(11, 14, 'Room Bayangan 04', '<p>This is a description of the room.</p>', '1200', '1', '1,2,4,6', '50 sq. meters', '2', '1', '0', '0', '1720191224.jpg', 'video here', 'active', 'pending', '2024-07-05 06:53:44', '2024-07-05 06:53:44'),
(12, 16, 'New Apartment 01-Room', '<p>Description</p>', '1300', '1', '8,19,20,21', '40 sq. meters', '1', '1', '0', '0', '1720317018.jpg', 'video here', 'active', 'pending', '2024-07-06 17:50:18', '2024-07-06 17:50:18'),
(13, 17, 'Room 3', '<p>xkfdv</p>', '1000', '3', '1,2,3,4', '50', '2', '1', '1', '2', '1720318579.jpg', 'video', 'active', 'pending', '2024-07-06 18:16:19', '2024-07-06 18:16:19'),
(14, 1, 'Room 1', '<p>This is a description...</p>', '250', '1', '5,6,7,8,9,24', '40 sq. meters', '1', '1', '0', '2', '1720664224.jpg', 'video here', 'active', 'published', '2024-07-10 18:17:04', '2024-07-10 18:17:55'),
(15, 18, 'Maica Bh Room_1', '<p>This is a description.</p>', '2000', '1', '4,5,6,7', '30 sq. meter', '1', '1', '0', '0', '1721652116.jpg', 'Video Id Here', 'active', 'published', '2024-07-22 04:41:56', '2024-07-22 04:47:40'),
(16, 19, 'Jas Room 4', '<p>This is a description.</p>', '3000', '1', '10,11,12,13', '50 sq. meters', '2', '1', '0', '1', '1721777838.jpg', 'videoid here', 'active', NULL, '2024-07-23 15:37:18', '2024-07-23 15:37:18'),
(17, 19, 'Jas room 2', '<p>Sample description</p>', '200', '1', '10,13,17,19', '50 sq. meters', '1', '1', '0', '1', '1721778143.jpg', 'video here', 'active', 'published', '2024-07-23 15:42:23', '2024-07-23 15:42:59'),
(18, 20, 'Eeyy Room New', '<p>This is a description.</p>', '2600', '1', '17,18,19,20', '50 sq. meters', '1', '1', '0', '0', '1721884777.jpg', 'video here', 'active', 'published', '2024-07-24 21:19:37', '2024-07-24 21:21:24'),
(19, 21, 'Tresha Room New', '<p>This is a description.</p>', '2000', '1', '6,7,8,9', '50 sq. meters', '1', '1', '0', '0', '1721889493.jpg', 'video here', 'active', 'published', '2024-07-24 22:38:13', '2024-07-24 22:39:34'),
(20, 22, 'RJ\'s Room New', '<p>This is a description.</p>', '2000', '1', '2,3,4,5', '50 sq. meters', '1', '1', '0', '0', '1721961523.jpg', 'video here', 'active', 'published', '2024-07-25 18:38:43', '2024-07-25 18:39:54'),
(21, 24, 'Staku Room 1', '<p>This is a description.</p>', '1400', '1', '1,2,3,4', '50 sq. meters', '1', '1', '0', '0', '1722663302.jpg', 'video here', 'active', 'published', '2024-08-02 21:35:02', '2024-08-02 21:35:37');

-- --------------------------------------------------------

--
-- Table structure for table `room_photos`
--

CREATE TABLE `room_photos` (
  `id` bigint(20) UNSIGNED NOT NULL,
  `room_id` int(11) NOT NULL,
  `photo` text NOT NULL,
  `created_at` timestamp NULL DEFAULT NULL,
  `updated_at` timestamp NULL DEFAULT NULL
) ENGINE=InnoDB DEFAULT CHARSET=utf8mb4 COLLATE=utf8mb4_unicode_ci;

--
-- Dumping data for table `room_photos`
--

INSERT INTO `room_photos` (`id`, `room_id`, `photo`, `created_at`, `updated_at`) VALUES
(1, 1, '1712266825.jpg', '2024-04-04 13:40:25', '2024-04-04 13:40:25'),
(2, 1, '1712266832.jpg', '2024-04-04 13:40:32', '2024-04-04 13:40:32'),
(3, 1, '1712266844.jpg', '2024-04-04 13:40:44', '2024-04-04 13:40:44'),
(4, 7, '1717247084.jpg', '2024-06-01 05:04:44', '2024-06-01 05:04:44'),
(5, 7, '1717247099.jpg', '2024-06-01 05:04:59', '2024-06-01 05:04:59'),
(6, 7, '1717247113.jpg', '2024-06-01 05:05:13', '2024-06-01 05:05:13'),
(7, 9, '1717323459.jpg', '2024-06-02 02:17:39', '2024-06-02 02:17:39'),
(8, 11, '1720191267.jpg', '2024-07-05 06:54:27', '2024-07-05 06:54:27'),
(9, 11, '1720664324.jpg', '2024-07-10 18:18:44', '2024-07-10 18:18:44'),
(10, 11, '1720664334.jpg', '2024-07-10 18:18:54', '2024-07-10 18:18:54'),
(11, 11, '1720664343.jpg', '2024-07-10 18:19:03', '2024-07-10 18:19:03'),
(12, 14, '1720664443.jpg', '2024-07-10 18:20:43', '2024-07-10 18:20:43'),
(13, 14, '1720664452.jpg', '2024-07-10 18:20:52', '2024-07-10 18:20:52'),
(14, 18, '1721884820.jpg', '2024-07-24 21:20:20', '2024-07-24 21:20:20'),
(15, 18, '1721884832.jpg', '2024-07-24 21:20:32', '2024-07-24 21:20:32'),
(16, 19, '1721889508.jpg', '2024-07-24 22:38:28', '2024-07-24 22:38:28'),
(17, 19, '1721889509.jpg', '2024-07-24 22:38:29', '2024-07-24 22:38:29'),
(18, 19, '1721889520.jpg', '2024-07-24 22:38:40', '2024-07-24 22:38:40');

-- --------------------------------------------------------

--
-- Table structure for table `settings`
--

CREATE TABLE `settings` (
  `id` bigint(20) UNSIGNED NOT NULL,
  `logo` text NOT NULL,
  `favicon` text NOT NULL,
  `top_bar_phone` text DEFAULT NULL,
  `top_bar_email` text DEFAULT NULL,
  `home_feature_status` text NOT NULL,
  `home_room_total` text NOT NULL,
  `home_room_status` text NOT NULL,
  `home_testimonial_status` text NOT NULL,
  `home_latest_post_total` text NOT NULL,
  `home_latest_post_status` text NOT NULL,
  `footer_address` text DEFAULT NULL,
  `footer_phone` text DEFAULT NULL,
  `footer_email` text DEFAULT NULL,
  `copyright` text DEFAULT NULL,
  `facebook` text DEFAULT NULL,
  `twitter` text DEFAULT NULL,
  `linkedin` text DEFAULT NULL,
  `pinterest` text DEFAULT NULL,
  `theme_color_1` text NOT NULL,
  `theme_color_2` text NOT NULL,
  `analytic_id` text DEFAULT NULL,
  `created_at` timestamp NULL DEFAULT NULL,
  `updated_at` timestamp NULL DEFAULT NULL
) ENGINE=InnoDB DEFAULT CHARSET=utf8mb4 COLLATE=utf8mb4_unicode_ci;

--
-- Dumping data for table `settings`
--

INSERT INTO `settings` (`id`, `logo`, `favicon`, `top_bar_phone`, `top_bar_email`, `home_feature_status`, `home_room_total`, `home_room_status`, `home_testimonial_status`, `home_latest_post_total`, `home_latest_post_status`, `footer_address`, `footer_phone`, `footer_email`, `copyright`, `facebook`, `twitter`, `linkedin`, `pinterest`, `theme_color_1`, `theme_color_2`, `analytic_id`, `created_at`, `updated_at`) VALUES
(1, 'logo.png', 'lsh_favicon_front.svg', '0912-345-6789', 'labasonsafehaven@gmail.com', 'Show', '4', 'Show', 'Show', '4', 'Show', 'Tandang Sora St., Antonino, Labason, Zamboanga del Norte', '0999-753-2024', 'labasonsafehaven@gmail.com', 'Copyright', NULL, NULL, NULL, NULL, '#deb887', '#f0f0f0', 'kgjdf', NULL, '2024-05-06 16:05:46');

-- --------------------------------------------------------

--
-- Table structure for table `slides`
--

CREATE TABLE `slides` (
  `id` bigint(20) UNSIGNED NOT NULL,
  `photo` text NOT NULL,
  `heading` text DEFAULT NULL,
  `text` text DEFAULT NULL,
  `button_text` text DEFAULT NULL,
  `button_url` text DEFAULT NULL,
  `remark` text DEFAULT NULL,
  `created_at` timestamp NULL DEFAULT NULL,
  `updated_at` timestamp NULL DEFAULT NULL
) ENGINE=InnoDB DEFAULT CHARSET=utf8mb4 COLLATE=utf8mb4_unicode_ci;

--
-- Dumping data for table `slides`
--

INSERT INTO `slides` (`id`, `photo`, `heading`, `text`, `button_text`, `button_url`, `remark`, `created_at`, `updated_at`) VALUES
(1, '1713795391.jpg', 'Your Perfect Stay in Labason', 'Find Comfort and Convenience with Our Wide Range of Accommodations', 'Explore Now', 'accommodation-types', 'active', '2024-04-03 20:38:32', '2024-04-24 02:01:36'),
(2, '1713795418.jpg', 'Indulge in Unparalleled Comfort', 'Discover Luxurious Accommodations Tailored to You', 'Find Yours', 'accommodation-types', 'active', '2024-04-03 20:47:30', '2024-04-22 06:16:58'),
(3, '1713795440.jpg', 'Embrace Effortless Living', 'Discover Convenient Accommodations for Every Traveler', 'Book Your Ease', 'accommodation-types', 'active', '2024-04-03 20:54:19', '2024-06-12 22:45:55');

-- --------------------------------------------------------

--
-- Table structure for table `subscribers`
--

CREATE TABLE `subscribers` (
  `id` bigint(20) UNSIGNED NOT NULL,
  `email` text NOT NULL,
  `token` text NOT NULL,
  `status` int(11) NOT NULL,
  `remark` text DEFAULT NULL,
  `created_at` timestamp NULL DEFAULT NULL,
  `updated_at` timestamp NULL DEFAULT NULL
) ENGINE=InnoDB DEFAULT CHARSET=utf8mb4 COLLATE=utf8mb4_unicode_ci;

--
-- Dumping data for table `subscribers`
--

INSERT INTO `subscribers` (`id`, `email`, `token`, `status`, `remark`, `created_at`, `updated_at`) VALUES
(1, 'sampleemail@gmail.com', '', 1, NULL, '2024-06-12 23:00:09', '2024-06-12 23:01:06');

-- --------------------------------------------------------

--
-- Table structure for table `testimonials`
--

CREATE TABLE `testimonials` (
  `id` bigint(20) UNSIGNED NOT NULL,
  `photo` text NOT NULL,
  `name` text NOT NULL,
  `designation` text NOT NULL,
  `comment` text NOT NULL,
  `remark` text DEFAULT NULL,
  `created_at` timestamp NULL DEFAULT NULL,
  `updated_at` timestamp NULL DEFAULT NULL
) ENGINE=InnoDB DEFAULT CHARSET=utf8mb4 COLLATE=utf8mb4_unicode_ci;

--
-- Dumping data for table `testimonials`
--

INSERT INTO `testimonials` (`id`, `photo`, `name`, `designation`, `comment`, `remark`, `created_at`, `updated_at`) VALUES
(1, '1713879470.png', 'Momar Kiram', 'Graphic Designer', 'Being a graphic designer, finding inspiration is crucial for my work. Labason Safe Haven provided me with the perfect retreat to recharge my creativity. The tranquil surroundings and exceptional service allowed me to focus on my projects without any interruptions. I\'m grateful for the amazing experience and can\'t wait to come back for another productive stay.', 'active', '2024-04-03 23:13:03', '2024-04-23 05:37:50'),
(2, '1713879482.png', 'Jasmine Gulane', 'Travel Blogger', 'As a travel blogger, I\'ve had the chance to stay in many accommodations worldwide, and Labason Safe Haven is undoubtedly one of the best. The breathtaking views, spotless rooms, and warm hospitality made my stay unforgettable. I\'m grateful for the amazing experience and the wonderful memories I made here. Thank you for making my trip to Labason truly special!', 'active', '2024-04-03 23:15:49', '2024-04-23 05:38:02'),
(3, '1713879496.png', 'Eleven', 'Software Engineer', 'Labason Safe Haven went above and beyond my expectations. As a software engineer, I appreciate efficiency and attention to detail, and this hotel delivered on every aspect. From the seamless check-in process to the luxurious amenities, my stay was nothing short of perfect. I\'m thankful for the outstanding service and can\'t wait to recommend this gem to my friends.', 'active', '2024-04-03 23:16:54', '2024-04-23 05:38:16'),
(4, '1718261510.jpg', 'Sample Name', 'Sample Designation', 'A comment', 'deleted', '2024-06-12 22:51:50', '2024-06-12 22:51:58');

-- --------------------------------------------------------

--
-- Table structure for table `users`
--

CREATE TABLE `users` (
  `id` bigint(20) UNSIGNED NOT NULL,
  `name` varchar(255) NOT NULL,
  `email` varchar(255) NOT NULL,
  `email_verified_at` timestamp NULL DEFAULT NULL,
  `password` varchar(255) NOT NULL,
  `remember_token` varchar(100) DEFAULT NULL,
  `created_at` timestamp NULL DEFAULT NULL,
  `updated_at` timestamp NULL DEFAULT NULL
) ENGINE=InnoDB DEFAULT CHARSET=utf8mb4 COLLATE=utf8mb4_unicode_ci;

-- --------------------------------------------------------

--
-- Table structure for table `videos`
--

CREATE TABLE `videos` (
  `id` bigint(20) UNSIGNED NOT NULL,
  `video_id` text NOT NULL,
  `caption` text DEFAULT NULL,
  `remark` text DEFAULT NULL,
  `created_at` timestamp NULL DEFAULT NULL,
  `updated_at` timestamp NULL DEFAULT NULL
) ENGINE=InnoDB DEFAULT CHARSET=utf8mb4 COLLATE=utf8mb4_unicode_ci;

--
-- Dumping data for table `videos`
--

INSERT INTO `videos` (`id`, `video_id`, `caption`, `remark`, `created_at`, `updated_at`) VALUES
(1, '4K6Sh1tsAW4', 'Cinematic Promo Video | Lisbon City Hotel', 'active', '2024-04-05 03:59:30', '2024-04-05 03:59:30'),
(2, 'FOCp9rMMcZU', 'The Seven Hotel (Promotional Video)', 'active', '2024-04-05 04:01:49', '2024-04-05 04:01:49'),
(3, 'OGVu0VYfKco', 'CONTINENTAL HOTEL Budapest promo video', 'active', '2024-04-05 04:02:18', '2024-04-05 04:02:18'),
(4, '_mKmoO3o1JU', 'BAYANGAN MURCIELAGOS ISLAND - LABASON ZAMBOANGA DEL NORTE', 'active', '2024-04-05 04:03:37', '2024-06-12 22:57:16');

--
-- Indexes for dumped tables
--

--
-- Indexes for table `accommodations`
--
ALTER TABLE `accommodations`
  ADD PRIMARY KEY (`id`),
  ADD KEY `accommodations_accommodation_type_id_foreign` (`accommodation_type_id`);

--
-- Indexes for table `accommodation_rates`
--
ALTER TABLE `accommodation_rates`
  ADD PRIMARY KEY (`id`),
  ADD KEY `accommodation_rates_customer_id_foreign` (`customer_id`),
  ADD KEY `accommodation_rates_accommodation_id_foreign` (`accommodation_id`);

--
-- Indexes for table `accommodation_types`
--
ALTER TABLE `accommodation_types`
  ADD PRIMARY KEY (`id`);

--
-- Indexes for table `admins`
--
ALTER TABLE `admins`
  ADD PRIMARY KEY (`id`);

--
-- Indexes for table `amenities`
--
ALTER TABLE `amenities`
  ADD PRIMARY KEY (`id`);

--
-- Indexes for table `booked_rooms`
--
ALTER TABLE `booked_rooms`
  ADD PRIMARY KEY (`id`);

--
-- Indexes for table `customers`
--
ALTER TABLE `customers`
  ADD PRIMARY KEY (`id`);

--
-- Indexes for table `failed_jobs`
--
ALTER TABLE `failed_jobs`
  ADD PRIMARY KEY (`id`),
  ADD UNIQUE KEY `failed_jobs_uuid_unique` (`uuid`);

--
-- Indexes for table `faqs`
--
ALTER TABLE `faqs`
  ADD PRIMARY KEY (`id`);

--
-- Indexes for table `features`
--
ALTER TABLE `features`
  ADD PRIMARY KEY (`id`);

--
-- Indexes for table `migrations`
--
ALTER TABLE `migrations`
  ADD PRIMARY KEY (`id`);

--
-- Indexes for table `orders`
--
ALTER TABLE `orders`
  ADD PRIMARY KEY (`id`);

--
-- Indexes for table `order_details`
--
ALTER TABLE `order_details`
  ADD PRIMARY KEY (`id`);

--
-- Indexes for table `pages`
--
ALTER TABLE `pages`
  ADD PRIMARY KEY (`id`);

--
-- Indexes for table `password_resets`
--
ALTER TABLE `password_resets`
  ADD KEY `password_resets_email_index` (`email`);

--
-- Indexes for table `payments`
--
ALTER TABLE `payments`
  ADD PRIMARY KEY (`id`);

--
-- Indexes for table `personal_access_tokens`
--
ALTER TABLE `personal_access_tokens`
  ADD PRIMARY KEY (`id`),
  ADD UNIQUE KEY `personal_access_tokens_token_unique` (`token`),
  ADD KEY `personal_access_tokens_tokenable_type_tokenable_id_index` (`tokenable_type`,`tokenable_id`);

--
-- Indexes for table `photos`
--
ALTER TABLE `photos`
  ADD PRIMARY KEY (`id`);

--
-- Indexes for table `posts`
--
ALTER TABLE `posts`
  ADD PRIMARY KEY (`id`);

--
-- Indexes for table `rooms`
--
ALTER TABLE `rooms`
  ADD PRIMARY KEY (`id`),
  ADD KEY `rooms_accommodation_id_foreign` (`accommodation_id`);

--
-- Indexes for table `room_photos`
--
ALTER TABLE `room_photos`
  ADD PRIMARY KEY (`id`);

--
-- Indexes for table `settings`
--
ALTER TABLE `settings`
  ADD PRIMARY KEY (`id`);

--
-- Indexes for table `slides`
--
ALTER TABLE `slides`
  ADD PRIMARY KEY (`id`);

--
-- Indexes for table `subscribers`
--
ALTER TABLE `subscribers`
  ADD PRIMARY KEY (`id`);

--
-- Indexes for table `testimonials`
--
ALTER TABLE `testimonials`
  ADD PRIMARY KEY (`id`);

--
-- Indexes for table `users`
--
ALTER TABLE `users`
  ADD PRIMARY KEY (`id`),
  ADD UNIQUE KEY `users_email_unique` (`email`);

--
-- Indexes for table `videos`
--
ALTER TABLE `videos`
  ADD PRIMARY KEY (`id`);

--
-- AUTO_INCREMENT for dumped tables
--

--
-- AUTO_INCREMENT for table `accommodations`
--
ALTER TABLE `accommodations`
  MODIFY `id` bigint(20) UNSIGNED NOT NULL AUTO_INCREMENT, AUTO_INCREMENT=25;

--
-- AUTO_INCREMENT for table `accommodation_rates`
--
ALTER TABLE `accommodation_rates`
  MODIFY `id` bigint(20) UNSIGNED NOT NULL AUTO_INCREMENT;

--
-- AUTO_INCREMENT for table `accommodation_types`
--
ALTER TABLE `accommodation_types`
  MODIFY `id` bigint(20) UNSIGNED NOT NULL AUTO_INCREMENT, AUTO_INCREMENT=4;

--
-- AUTO_INCREMENT for table `admins`
--
ALTER TABLE `admins`
  MODIFY `id` bigint(20) UNSIGNED NOT NULL AUTO_INCREMENT, AUTO_INCREMENT=2;

--
-- AUTO_INCREMENT for table `amenities`
--
ALTER TABLE `amenities`
  MODIFY `id` bigint(20) UNSIGNED NOT NULL AUTO_INCREMENT, AUTO_INCREMENT=25;

--
-- AUTO_INCREMENT for table `booked_rooms`
--
ALTER TABLE `booked_rooms`
  MODIFY `id` bigint(20) UNSIGNED NOT NULL AUTO_INCREMENT, AUTO_INCREMENT=273;

--
-- AUTO_INCREMENT for table `customers`
--
ALTER TABLE `customers`
  MODIFY `id` bigint(20) UNSIGNED NOT NULL AUTO_INCREMENT, AUTO_INCREMENT=20;

--
-- AUTO_INCREMENT for table `failed_jobs`
--
ALTER TABLE `failed_jobs`
  MODIFY `id` bigint(20) UNSIGNED NOT NULL AUTO_INCREMENT;

--
-- AUTO_INCREMENT for table `faqs`
--
ALTER TABLE `faqs`
  MODIFY `id` bigint(20) UNSIGNED NOT NULL AUTO_INCREMENT, AUTO_INCREMENT=15;

--
-- AUTO_INCREMENT for table `features`
--
ALTER TABLE `features`
  MODIFY `id` bigint(20) UNSIGNED NOT NULL AUTO_INCREMENT, AUTO_INCREMENT=5;

--
-- AUTO_INCREMENT for table `migrations`
--
ALTER TABLE `migrations`
  MODIFY `id` int(10) UNSIGNED NOT NULL AUTO_INCREMENT, AUTO_INCREMENT=27;

--
-- AUTO_INCREMENT for table `orders`
--
ALTER TABLE `orders`
  MODIFY `id` bigint(20) UNSIGNED NOT NULL AUTO_INCREMENT, AUTO_INCREMENT=34;

--
-- AUTO_INCREMENT for table `order_details`
--
ALTER TABLE `order_details`
  MODIFY `id` bigint(20) UNSIGNED NOT NULL AUTO_INCREMENT, AUTO_INCREMENT=31;

--
-- AUTO_INCREMENT for table `pages`
--
ALTER TABLE `pages`
  MODIFY `id` bigint(20) UNSIGNED NOT NULL AUTO_INCREMENT, AUTO_INCREMENT=2;

--
-- AUTO_INCREMENT for table `payments`
--
ALTER TABLE `payments`
  MODIFY `id` bigint(20) UNSIGNED NOT NULL AUTO_INCREMENT, AUTO_INCREMENT=5;

--
-- AUTO_INCREMENT for table `personal_access_tokens`
--
ALTER TABLE `personal_access_tokens`
  MODIFY `id` bigint(20) UNSIGNED NOT NULL AUTO_INCREMENT;

--
-- AUTO_INCREMENT for table `photos`
--
ALTER TABLE `photos`
  MODIFY `id` bigint(20) UNSIGNED NOT NULL AUTO_INCREMENT, AUTO_INCREMENT=7;

--
-- AUTO_INCREMENT for table `posts`
--
ALTER TABLE `posts`
  MODIFY `id` bigint(20) UNSIGNED NOT NULL AUTO_INCREMENT, AUTO_INCREMENT=4;

--
-- AUTO_INCREMENT for table `rooms`
--
ALTER TABLE `rooms`
  MODIFY `id` bigint(20) UNSIGNED NOT NULL AUTO_INCREMENT, AUTO_INCREMENT=22;

--
-- AUTO_INCREMENT for table `room_photos`
--
ALTER TABLE `room_photos`
  MODIFY `id` bigint(20) UNSIGNED NOT NULL AUTO_INCREMENT, AUTO_INCREMENT=19;

--
-- AUTO_INCREMENT for table `settings`
--
ALTER TABLE `settings`
  MODIFY `id` bigint(20) UNSIGNED NOT NULL AUTO_INCREMENT, AUTO_INCREMENT=2;

--
-- AUTO_INCREMENT for table `slides`
--
ALTER TABLE `slides`
  MODIFY `id` bigint(20) UNSIGNED NOT NULL AUTO_INCREMENT, AUTO_INCREMENT=4;

--
-- AUTO_INCREMENT for table `subscribers`
--
ALTER TABLE `subscribers`
  MODIFY `id` bigint(20) UNSIGNED NOT NULL AUTO_INCREMENT, AUTO_INCREMENT=2;

--
-- AUTO_INCREMENT for table `testimonials`
--
ALTER TABLE `testimonials`
  MODIFY `id` bigint(20) UNSIGNED NOT NULL AUTO_INCREMENT, AUTO_INCREMENT=5;

--
-- AUTO_INCREMENT for table `users`
--
ALTER TABLE `users`
  MODIFY `id` bigint(20) UNSIGNED NOT NULL AUTO_INCREMENT;

--
-- AUTO_INCREMENT for table `videos`
--
ALTER TABLE `videos`
  MODIFY `id` bigint(20) UNSIGNED NOT NULL AUTO_INCREMENT, AUTO_INCREMENT=5;

--
-- Constraints for dumped tables
--

--
-- Constraints for table `accommodations`
--
ALTER TABLE `accommodations`
  ADD CONSTRAINT `accommodations_accommodation_type_id_foreign` FOREIGN KEY (`accommodation_type_id`) REFERENCES `accommodation_types` (`id`) ON DELETE CASCADE;

--
-- Constraints for table `accommodation_rates`
--
ALTER TABLE `accommodation_rates`
  ADD CONSTRAINT `accommodation_rates_accommodation_id_foreign` FOREIGN KEY (`accommodation_id`) REFERENCES `accommodations` (`id`) ON DELETE CASCADE,
  ADD CONSTRAINT `accommodation_rates_customer_id_foreign` FOREIGN KEY (`customer_id`) REFERENCES `customers` (`id`) ON DELETE CASCADE;

--
-- Constraints for table `rooms`
--
ALTER TABLE `rooms`
  ADD CONSTRAINT `rooms_accommodation_id_foreign` FOREIGN KEY (`accommodation_id`) REFERENCES `accommodations` (`id`) ON DELETE CASCADE;
COMMIT;

/*!40101 SET CHARACTER_SET_CLIENT=@OLD_CHARACTER_SET_CLIENT */;
/*!40101 SET CHARACTER_SET_RESULTS=@OLD_CHARACTER_SET_RESULTS */;
/*!40101 SET COLLATION_CONNECTION=@OLD_COLLATION_CONNECTION */;
